timestamp_start,timestamp_end,time,throughput_download,rtt_download,throughput_upload,rtt_upload,throughput_download_std,rtt_download_std,throughput_upload_std,rtt_upload_std,event,client_client01,client_client02,client_client03,client_client04,client_client05,client_client06,client_client07,client_client08,client_client09,client_client10,client_client11,client_client12,client_client13,client_client14,client_client15,client_client16,site_gru03,site_gru05,site_gru06,site_rnp_rj,site_rnp_sp,cluster,probability_cluster_0,probability_cluster_1,rtt_download_outliers_rate,rtt_upload_outliers_rate,throughput_download_outliers_rate,throughput_upload_outliers_rate
2024-05-01 03:06:15,2024-06-02 06:00:26,32.12096064814815,519.0047192982456,9.601447368421054,268.52964999999995,13.897298245614035,5.387550755726486,0.4313820243846599,0.8732841989325512,0.7864902342885572,0,1,0,0,0,0,0,0,0,0,0,0,0,0,0,0,0,1,0,0,0,0,1,0.09652802700236118,0.9034719729976388,0.0,0.0,0.0,0.0
2024-06-02 06:00:26,2024-07-09 15:38:40,37.401550925925925,519.0047192982456,9.601447368421054,268.69235000000003,13.897298245614035,5.387550755726486,0.4313820243846599,0.557301418491496,0.7864902342885572,0,1,0,0,0,0,0,0,0,0,0,0,0,0,0,0,0,1,0,0,0,0,1,0.09657854273905608,0.9034214572609439,0.0,0.0,0.0,0.0
2024-07-09 15:38:40,2024-07-23 13:08:11,13.895497685185186,519.0047192982456,9.601447368421054,268.69235000000003,13.897298245614035,5.387550755726486,0.4313820243846599,0.557301418491496,0.7864902342885572,0,1,0,0,0,0,0,0,0,0,0,0,0,0,0,0,0,1,0,0,0,0,1,0.09657854273905608,0.9034214572609439,0.0,0.0,0.0,0.0
2024-05-01 00:37:17,2024-05-15 02:14:20,14.067395833333334,518.0364000000001,7.383750000000001,250.56615939787486,10.1281,8.73990411485401,4.055100555246183,29.010253676904394,2.443375101004863,0,1,0,0,0,0,0,0,0,0,0,0,0,0,0,0,0,0,0,0,1,0,1,0.2625802615167747,0.7374197384832253,0.008583690987124463,0.008583690987124463,0.0,0.0
2024-05-15 02:14:20,2024-05-21 03:16:10,6.042939814814815,520.57305,21.5041,250.56615939787486,9.769950000000001,4.21032430898644,22.290768199791643,29.010253676904394,1.1740980177409202,1,1,0,0,0,0,0,0,0,0,0,0,0,0,0,0,0,0,0,0,1,0,0,0.5300856886784584,0.4699143113215416,0.03361344537815126,0.0,0.0,0.0
2024-05-21 03:16:10,2024-06-02 10:05:19,12.284131944444445,522.2264000000001,6.1977,250.56615939787486,9.769950000000001,3.4598991679861926,2.8000042311998103,29.010253676904394,1.1740980177409202,1,1,0,0,0,0,0,0,0,0,0,0,0,0,0,0,0,0,0,0,1,0,0,0.2530250952410298,0.7469749047589702,0.04526748971193416,0.0205761316872428,0.0,0.0
2024-06-02 10:05:19,2024-06-02 16:27:12,0.2651967592592593,511.8763500000001,7.367399999999999,250.56615939787486,10.54955,29.52709117916343,2.5813790357705684,29.010253676904394,2.438300065187781,0,1,0,0,0,0,0,0,0,0,0,0,0,0,0,0,0,0,0,0,1,0,1,0.30242027532852866,0.6975797246714713,0.0,0.0,0.0,0.0
2024-06-02 16:27:12,2024-07-09 16:28:26,37.000856481481485,511.8763500000001,7.367399999999999,250.56615939787486,10.54955,29.52709117916343,2.5813790357705684,29.010253676904394,2.438300065187781,0,1,0,0,0,0,0,0,0,0,0,0,0,0,0,0,0,0,0,0,1,0,1,0.30242027532852866,0.6975797246714713,0.0,0.0,0.0,0.0
2024-07-09 16:28:26,2024-07-12 09:05:20,2.6922916666666667,511.8763500000001,7.367399999999999,250.56615939787486,10.54955,29.52709117916343,2.5813790357705684,29.010253676904394,2.438300065187781,0,1,0,0,0,0,0,0,0,0,0,0,0,0,0,0,0,0,0,0,1,0,1,0.30242027532852866,0.6975797246714713,0.0,0.0,0.0,0.0
2024-07-12 09:05:20,2024-07-23 14:48:29,11.23829861111111,495.29184999999995,7.97495,250.56615939787486,11.81775,72.1431225720789,5.559113981609507,29.010253676904394,4.358009720466925,0,1,0,0,0,0,0,0,0,0,0,0,0,0,0,0,0,0,0,0,1,0,1,0.41233956789935866,0.5876604321006413,0.005208333333333333,0.005208333333333333,0.0,0.0
2024-05-01 00:11:26,2024-05-22 08:19:03,21.338622685185186,516.6064000000001,12.4317,264.14349999999996,15.471580188679248,4.482679924471875,2.5279727284505014,7.980905577821681,1.7645432610929441,0,1,0,0,0,0,0,0,0,0,0,0,0,0,0,0,0,0,0,0,0,1,1,0.20721502702502692,0.7927849729749731,0.005154639175257732,0.010309278350515464,0.0,0.0
2024-05-22 08:19:03,2024-05-28 19:30:21,6.466180555555556,507.63225,10.86105,207.6277,15.471580188679248,32.3970104011807,1.6047862121921739,50.713213124184385,1.7645432610929441,1,1,0,0,0,0,0,0,0,0,0,0,0,0,0,0,0,0,0,0,0,1,0,0.2501171485414134,0.7498828514585866,0.0,0.0,0.0,0.0
2024-05-28 19:30:21,2024-06-02 17:54:11,4.933217592592593,517.3081999999999,13.553449999999998,207.6277,15.471580188679248,6.315382053701147,2.518688662045349,50.713213124184385,1.7645432610929441,0,1,0,0,0,0,0,0,0,0,0,0,0,0,0,0,0,0,0,0,0,1,1,0.21836081581085465,0.7816391841891454,0.016666666666666666,0.03333333333333333,0.0,0.0
2024-06-02 17:54:11,2024-07-09 16:02:25,36.92238425925926,517.3081999999999,12.045549999999999,267.24510000000004,15.471580188679248,6.315382053701147,2.340958001714143,2.329366186665144,1.7645432610929441,0,1,0,0,0,0,0,0,0,0,0,0,0,0,0,0,0,0,0,0,0,1,1,0.2090898906694718,0.7909101093305282,0.0,0.0,0.0,0.0
2024-07-09 16:02:25,2024-07-23 14:16:07,13.926180555555556,517.3081999999999,12.045549999999999,267.24510000000004,15.471580188679248,6.315382053701147,2.340958001714143,2.329366186665144,1.7645432610929441,0,1,0,0,0,0,0,0,0,0,0,0,0,0,0,0,0,0,0,0,0,1,1,0.2090898906694718,0.7909101093305282,0.01680672268907563,0.008403361344537815,0.0,0.0
2024-05-01 01:46:33,2024-07-23 12:29:04,83.44619212962964,584.5346139896374,11.83245077720207,296.78717357512954,13.018085492227979,13.928936878114751,1.191241497498736,2.8601579764608975,1.1798076600658332,0,0,1,0,0,0,0,0,0,0,0,0,0,0,0,0,0,1,0,0,0,0,1,0.6456608615267979,0.3543391384732021,0.007772020725388601,0.0051813471502590676,0.0,0.0025906735751295338
2024-05-02 14:19:08,2024-05-11 14:46:32,9.019027777777778,583.24615,12.492380368098159,296.5410858895705,12.694907975460126,3.2170515967755047,8.269356960839522,0.7688353979368117,0.7973505650452472,0,0,1,0,0,0,0,0,0,0,0,0,0,0,0,0,0,0,1,0,0,0,1,0.23928937748421897,0.760710622515781,0.06060606060606061,0.06060606060606061,0.0,0.0
2024-05-11 14:46:32,2024-07-15 11:50:13,64.87755787037037,557.24335,12.492380368098159,296.5410858895705,12.694907975460126,92.55400979074184,8.269356960839522,0.7688353979368117,0.7973505650452472,0,0,1,0,0,0,0,0,0,0,0,0,0,0,0,0,0,0,1,0,0,0,1,0.47011741429065945,0.5298825857093405,0.007633587786259542,0.007633587786259542,0.0,0.0
2024-05-02 17:03:26,2024-07-23 12:04:33,81.79244212962963,582.265384180791,11.785118644067795,296.57622033898303,12.627497175141244,10.914137608009467,0.7211420177102718,0.6912364021627361,0.6723260600020529,0,0,1,0,0,0,0,0,0,0,0,0,0,0,0,0,0,0,0,1,0,0,1,0.15087977997141566,0.8491202200285843,0.0,0.0,0.0,0.0
2024-05-01 00:19:13,2024-05-01 20:44:19,0.8507638888888889,588.54585,16.7976,299.92475,17.985449999999997,16.34249132999777,0.4507597562945665,0.6304629773344973,0.5614665453782154,0,0,1,0,0,0,0,0,0,0,0,0,0,0,0,0,0,0,0,0,1,0,0,0.9030029990757301,0.0969970009242699,0.0,0.0,0.0,0.0
2024-05-01 20:44:19,2024-05-08 12:27:28,6.6549652777777775,585.7526,16.7976,299.92475,17.985449999999997,16.325122613870146,0.4507597562945665,0.6304629773344973,0.5614665453782154,1,0,1,0,0,0,0,0,0,0,0,0,0,0,0,0,0,0,0,0,1,0,0,0.9029702184046257,0.09702978159537437,0.03278688524590164,0.040983606557377046,0.0,0.0
2024-05-08 12:27:28,2024-05-08 20:50:17,0.3491782407407407,572.3534500000002,16.7976,299.92475,17.985449999999997,35.2213785310704,0.4507597562945665,0.6304629773344973,0.5614665453782154,1,0,1,0,0,0,0,0,0,0,0,0,0,0,0,0,0,0,0,0,1,0,0,0.9205254185833808,0.07947458141661924,0.0,0.0,0.0,0.0
2024-05-08 20:50:17,2024-05-16 16:45:28,7.829988425925926,587.70155,16.7976,299.92475,17.499450000000003,4.9588089133857185,0.4507597562945665,0.6304629773344973,0.4241837331554384,1,0,1,0,0,0,0,0,0,0,0,0,0,0,0,0,0,0,0,0,1,0,0,0.8912168273180212,0.10878317268197883,0.00641025641025641,0.03205128205128205,0.00641025641025641,0.0
2024-05-16 16:45:28,2024-05-17 13:39:12,0.8706481481481482,578.87345,16.7976,299.92475,17.499450000000003,32.63193472896241,0.4507597562945665,0.6304629773344973,0.4241837331554384,1,0,1,0,0,0,0,0,0,0,0,0,0,0,0,0,0,0,0,0,1,0,0,0.9186673684952001,0.08133263150479984,0.0,0.0,0.0,0.0
2024-05-17 13:39:12,2024-05-26 01:58:28,8.513379629629629,591.2351,16.7976,299.92475,17.499450000000003,3.4416327199379313,0.4507597562945665,0.6304629773344973,0.4241837331554384,1,0,1,0,0,0,0,0,0,0,0,0,0,0,0,0,0,0,0,0,1,0,0,0.8895165539056266,0.11048344609437345,0.005988023952095809,0.023952095808383235,0.0,0.005988023952095809
2024-05-26 01:58:28,2024-06-02 09:05:09,7.29630787037037,591.4174999999999,16.7976,299.92475,19.026899999999998,3.1688734093066193,0.4507597562945665,0.6304629773344973,4.334371974176456,1,0,1,0,0,0,0,0,0,0,0,0,0,0,0,0,0,0,0,0,1,0,0,0.8575423369464568,0.14245766305354327,0.02127659574468085,0.028368794326241134,0.0,0.0
2024-06-02 09:05:09,2024-06-04 17:50:32,2.364849537037037,554.0859,16.7976,299.92475,25.381899999999998,78.37092082351919,0.4507597562945665,0.6304629773344973,17.153997990034426,1,0,1,0,0,0,0,0,0,0,0,0,0,0,0,0,0,0,0,0,1,0,0,0.8508341705916345,0.14916582940836548,0.0,0.0,0.0,0.0
2024-06-04 17:50:32,2024-06-06 14:49:08,1.8740277777777778,586.6656500000001,16.4011,299.2534,17.540999999999997,9.681200699103162,0.4876341272975708,1.5187469350196448,0.4622869922006191,1,0,1,0,0,0,0,0,0,0,0,0,0,0,0,0,0,0,0,0,1,0,0,0.8949018201325158,0.10509817986748417,0.0,0.022727272727272728,0.0,0.0
2024-06-06 14:49:08,2024-06-08 10:34:04,1.8228703703703704,590.16715,16.4011,299.2534,17.540999999999997,2.967063536385317,0.4876341272975708,1.5187469350196448,0.4622869922006191,1,0,1,0,0,0,0,0,0,0,0,0,0,0,0,0,0,0,0,0,1,0,0,0.8873531739835474,0.11264682601645258,0.0,0.03333333333333333,0.0,0.0
2024-06-08 10:34:04,2024-06-10 06:46:11,1.8417476851851853,587.90785,16.4011,299.2534,17.540999999999997,4.422435507547969,0.4876341272975708,1.5187469350196448,0.4622869922006191,1,0,1,0,0,0,0,0,0,0,0,0,0,0,0,0,0,0,0,0,1,0,0,0.8890194744368892,0.11098052556311078,0.0,0.034482758620689655,0.0,0.0
2024-06-10 06:46:11,2024-06-18 02:19:14,7.814618055555556,590.5155000000002,16.4011,299.2534,17.540999999999997,1.6440805941315608,0.4876341272975708,1.5187469350196448,0.4622869922006191,1,0,1,0,0,0,0,0,0,0,0,0,0,0,0,0,0,0,0,0,1,0,0,0.8858088981473123,0.11419110185268767,0.006578947368421052,0.019736842105263157,0.0,0.0
2024-06-18 02:19:14,2024-06-29 07:02:28,11.196689814814814,579.6718000000001,16.4011,299.2534,19.675099999999997,28.312673001400107,0.4876341272975708,1.5187469350196448,4.89416708574175,1,0,1,0,0,0,0,0,0,0,0,0,0,0,0,0,0,0,0,0,1,0,0,0.8846398942420318,0.11536010575796819,0.00966183574879227,0.024154589371980676,0.0,0.0
2024-06-29 07:02:28,2024-07-06 10:19:25,7.136770833333333,584.54565,16.7673,297.96450000000004,19.675099999999997,18.368459515602176,0.5914035135078872,6.082541907182517,4.89416708574175,1,0,1,0,0,0,0,0,0,0,0,0,0,0,0,0,0,0,0,0,1,0,0,0.8729413607412803,0.12705863925871974,0.023809523809523808,0.031746031746031744,0.0,0.0
2024-07-06 10:19:25,2024-07-23 12:53:23,17.106921296296296,578.6470500000001,16.28785,297.96450000000004,19.675099999999997,42.527570963435,0.39478725450017926,6.082541907182517,4.89416708574175,0,0,1,0,0,0,0,0,0,0,0,0,0,0,0,0,0,0,0,0,1,0,0,0.8988249277525907,0.1011750722474093,0.003105590062111801,0.012422360248447204,0.0,0.0
2024-05-01 06:40:22,2024-05-04 10:53:03,3.175474537037037,593.4381000000001,9.75345,301.0026902887139,10.92585,12.486033211468518,0.6503595341687631,0.8558842880117372,0.406463473467368,0,0,1,0,0,0,0,0,0,0,0,0,0,0,0,0,0,0,0,0,0,1,0,0.7901171167974095,0.20988288320259052,0.0,0.0,0.0,0.0
2024-05-04 10:53:03,2024-05-15 01:52:28,10.624594907407408,589.86695,9.75345,301.0026902887139,10.92585,25.9922652350656,0.6503595341687631,0.8558842880117372,0.406463473467368,1,0,1,0,0,0,0,0,0,0,0,0,0,0,0,0,0,0,0,0,0,1,0,0.814937282522511,0.18506271747748898,0.03773584905660377,0.03773584905660377,0.0,0.0
2024-05-15 01:52:28,2024-05-19 04:46:18,4.120717592592593,595.9424499999999,9.300050000000002,301.0026902887139,10.623050000000001,2.459674015093529,0.5238871388099982,0.8558842880117372,0.5119337410868303,1,0,1,0,0,0,0,0,0,0,0,0,0,0,0,0,0,0,0,0,0,1,0,0.764388773831707,0.23561122616829303,0.0,0.023255813953488372,0.0,0.0
2024-05-19 04:46:18,2024-05-25 05:48:03,6.042881944444445,596.43335,9.300050000000002,301.0026902887139,10.623050000000001,2.118231021519219,0.5238871388099982,0.8558842880117372,0.5119337410868303,1,0,1,0,0,0,0,0,0,0,0,0,0,0,0,0,0,0,0,0,0,1,0,0.7636786497568155,0.23632135024318449,0.01694915254237288,0.0,0.0,0.0
2024-05-25 05:48:03,2024-06-06 05:36:11,11.99175925925926,597.0588,9.300050000000002,301.0026902887139,10.623050000000001,2.696793214561557,0.5238871388099982,0.8558842880117372,0.5119337410868303,1,0,1,0,0,0,0,0,0,0,0,0,0,0,0,0,0,0,0,0,0,1,0,0.7648972237027587,0.2351027762972413,0.0,0.0,0.0,0.0
2024-06-06 05:36:11,2024-06-07 15:04:12,1.3944560185185184,579.7428,9.300050000000002,301.0026902887139,10.623050000000001,37.273910247192866,0.5238871388099982,0.8558842880117372,0.5119337410868303,1,0,1,0,0,0,0,0,0,0,0,0,0,0,0,0,0,0,0,0,0,1,0,0.8292890945481289,0.17071090545187104,0.0,0.0,0.0,0.0
2024-06-07 15:04:12,2024-06-18 16:32:30,11.061319444444445,596.32395,9.300050000000002,301.0026902887139,10.623050000000001,2.0476893646768115,0.5238871388099982,0.8558842880117372,0.5119337410868303,1,0,1,0,0,0,0,0,0,0,0,0,0,0,0,0,0,0,0,0,0,1,0,0.7635294071335528,0.2364705928664472,0.0,0.0,0.0,0.0
2024-06-18 16:32:30,2024-06-22 07:55:20,3.6408564814814817,594.063,9.300050000000002,301.0026902887139,10.623050000000001,4.707980704695969,0.5238871388099982,0.8558842880117372,0.5119337410868303,1,0,1,0,0,0,0,0,0,0,0,0,0,0,0,0,0,0,0,0,0,1,0,0.769042631198715,0.23095736880128503,0.0,0.0,0.0,0.0
2024-06-22 07:55:20,2024-07-23 13:20:32,31.225833333333334,578.06005,9.300050000000002,301.0026902887139,10.623050000000001,80.11234154510447,0.5238871388099982,0.8558842880117372,0.5119337410868303,0,0,1,0,0,0,0,0,0,0,0,0,0,0,0,0,0,0,0,0,0,1,0,0.8887933967935023,0.11120660320649765,0.003472222222222222,0.003472222222222222,0.0,0.0
2024-05-01 02:19:32,2024-07-19 15:17:26,79.54020833333334,82.0650635678392,236.63704999999996,66.15302673115578,249.019,5.729552147514454,4.531715551474263,16.506979465926037,7.986198476450681,0,0,0,1,0,0,0,0,0,0,0,0,0,0,0,0,0,1,0,0,0,0,0,0.99985946993078,0.00014053006922004242,0.010050251256281407,0.010050251256281407,0.0,0.0
2024-05-02 14:26:23,2024-07-14 00:58:29,72.43895833333333,671.3812747252747,28.071774725274725,122.83438560818679,123.75137912087914,19.013718528993728,1.252346513050571,28.939514884348945,37.911250994837864,0,0,0,1,0,0,0,0,0,0,0,0,0,0,0,0,0,0,1,0,0,0,1,0.011783518069959698,0.9882164819300403,0.016483516483516484,0.005494505494505495,0.0,0.0
2024-05-03 02:32:20,2024-07-19 16:04:29,77.56399305555556,676.2545182926829,27.815689024390238,122.5573370609756,118.48260975609757,22.470048660184837,1.1964403880208099,30.591701611362087,41.4894155174756,0,0,0,1,0,0,0,0,0,0,0,0,0,0,0,0,0,0,0,1,0,0,1,0.0058068862951494715,0.9941931137048505,0.006097560975609756,0.0,0.006097560975609756,0.0
2024-05-01 00:19:05,2024-05-31 05:28:23,30.214791666666667,710.8812499999999,20.245923653715064,126.73813772718474,103.31924999999998,37.80469499647255,6.166407615424862,30.447481293666517,40.75613578846619,0,0,0,1,0,0,0,0,0,0,0,0,0,0,0,0,0,0,0,0,1,0,1,0.1754231393444866,0.8245768606555134,0.0034423407917383822,0.0,0.0,0.0
2024-05-31 05:28:23,2024-06-19 01:45:04,18.84491898148148,715.50025,20.245923653715064,126.73813772718474,91.67654999999999,20.270098644048918,6.166407615424862,30.447481293666517,58.17058371220303,1,0,0,1,0,0,0,0,0,0,0,0,0,0,0,0,0,0,0,0,1,0,1,0.03668198021308533,0.9633180197869147,0.003115264797507788,0.0,0.0,0.0
2024-06-19 01:45:04,2024-07-15 13:29:32,26.489212962962963,636.3691,20.245923653715064,126.73813772718474,91.67654999999999,144.4691166053365,6.166407615424862,30.447481293666517,58.17058371220303,1,0,0,1,0,0,0,0,0,0,0,0,0,0,0,0,0,0,0,0,1,0,1,0.1383324636029195,0.8616675363970805,0.006224066390041493,0.0,0.0,0.0
2024-07-15 13:29:32,2024-07-19 19:34:21,4.253344907407407,672.8701,20.245923653715064,126.73813772718474,91.67654999999999,114.47304413928978,6.166407615424862,30.447481293666517,58.17058371220303,0,0,0,1,0,0,0,0,0,0,0,0,0,0,0,0,0,0,0,0,1,0,1,0.10195837700884902,0.898041622991151,0.011627906976744186,0.011627906976744186,0.0,0.0
2024-05-01 01:27:30,2024-07-19 16:29:06,79.62611111111111,642.164342291372,28.002408769448376,122.8871758132956,116.68668033946251,51.53231680697627,1.9051698818862586,32.72867063803641,42.367469996488325,0,0,0,1,0,0,0,0,0,0,0,0,0,0,0,0,0,0,0,0,0,1,1,0.1473244341500738,0.8526755658499262,0.009900990099009901,0.0,0.0014144271570014145,0.0
2024-05-23 08:15:10,2024-06-26 04:29:27,33.84325231481481,612.91585,8.553300000000002,253.22349999999997,8.7479,3.1979596336447114,0.19274911427197675,25.90949054019842,0.2561204280884494,0,0,0,0,1,0,0,0,0,0,0,0,0,0,0,0,0,1,0,0,0,0,1,0.13613776073091965,0.8638622392690803,0.006756756756756757,0.0,0.0,0.013513513513513514
2024-06-26 04:29:27,2024-07-23 10:43:11,27.25953703703704,905.5549500000001,14.9589,499.9325,28.1227,5.214828850953486,1.3280706583929225,2.101489183763188,2.8111495700626032,0,0,0,0,1,0,0,0,0,0,0,0,0,0,0,0,0,1,0,0,0,0,1,0.1164970907327798,0.8835029092672202,0.0,0.0,0.0,0.0
2024-05-23 04:53:09,2024-06-26 07:22:09,34.10347222222222,609.45305,8.86325,268.0734,9.014299999999999,4.129367116985615,0.13751856334021906,33.32893562404264,0.17539882373727908,0,0,0,0,1,0,0,0,0,0,0,0,0,0,0,0,0,0,0,1,0,0,1,0.014850195422732027,0.985149804577268,0.0,0.0,0.0,0.015873015873015872
2024-06-26 07:22:09,2024-07-23 13:46:11,27.266689814814814,881.8483,15.097299999999999,499.533,26.883599999999994,64.12890415659943,1.5306953390706561,1.3372170236805494,3.6698820632133033,0,0,0,0,1,0,0,0,0,0,0,0,0,0,0,0,0,0,0,1,0,0,1,0.023475428826870925,0.9765245711731291,0.0,0.0,0.0,0.0
2024-05-22 18:24:33,2024-06-06 05:35:10,14.46570601851852,622.26935,9.615549999999999,228.91400000000004,9.5185,3.7756870308942547,0.12644177982063723,18.899087530187387,0.13860716925332914,0,0,0,0,1,0,0,0,0,0,0,0,0,0,0,0,0,0,0,0,0,1,1,0.2886481358616636,0.7113518641383364,0.015151515151515152,0.007575757575757576,0.0,0.0
2024-06-06 05:35:10,2024-06-26 03:37:23,19.918206018518518,610.5573,9.71435,228.91400000000004,9.672900000000002,34.345568765126025,0.2994514766069877,18.899087530187387,0.28094874977475864,1,0,0,0,1,0,0,0,0,0,0,0,0,0,0,0,0,0,0,0,0,1,1,0.36650885570733627,0.6334911442926637,0.005780346820809248,0.011560693641618497,0.0,0.017341040462427744
2024-06-26 03:37:23,2024-07-01 09:02:06,5.225497685185185,910.6067500000001,9.71435,507.62390000000005,24.105199999999996,7.283362235981832,0.2994514766069877,2.8090502965274644,4.352766774072979,1,0,0,0,1,0,0,0,0,0,0,0,0,0,0,0,0,0,0,0,0,1,0,0.16648006909457225,0.8335199309054278,0.017543859649122806,0.0,0.0,0.0
2024-07-01 09:02:06,2024-07-21 05:13:24,19.841180555555557,868.1764999999999,10.843800000000002,507.62390000000005,24.105199999999996,150.27665186108902,3.879851429602617,2.8090502965274644,4.352766774072979,1,0,0,0,1,0,0,0,0,0,0,0,0,0,0,0,0,0,0,0,0,1,1,0.5521080358859538,0.44789196411404614,0.01507537688442211,0.0,0.0,0.0
2024-07-21 05:13:24,2024-07-23 13:22:13,2.3394560185185185,868.1764999999999,10.173449999999999,507.62390000000005,24.105199999999996,150.27665186108902,2.463053613430203,2.8090502965274644,4.352766774072979,0,0,0,0,1,0,0,0,0,0,0,0,0,0,0,0,0,0,0,0,0,1,1,0.5344198909522564,0.46558010904774355,0.0,0.0,0.0,0.0
2024-05-01 00:09:19,2024-05-12 05:41:28,11.230659722222223,176.4132,122.22109999999995,171.82552,125.01960000000001,9.1602453747875,0.5468283575598284,27.308791984645378,1.3661290453032082,0,0,0,0,0,1,0,0,0,0,0,0,0,0,0,0,0,1,0,0,0,0,0,0.9367031939582869,0.06329680604171305,0.02857142857142857,0.02857142857142857,0.0,0.0
2024-05-12 05:41:28,2024-05-24 09:59:33,12.179224537037037,155.724585,122.22109999999995,174.82245000000003,125.01960000000001,34.97339174476678,0.5468283575598284,7.208228108977452,1.3661290453032082,1,0,0,0,0,1,0,0,0,0,0,0,0,0,0,0,0,1,0,0,0,0,0,0.9547027572211577,0.045297242778842235,0.023809523809523808,0.047619047619047616,0.0,0.0
2024-05-24 09:59:33,2024-06-02 14:22:08,9.182349537037037,517.47857,15.47185,795.90506,13.645349999999999,205.94330346034843,0.7299695217141458,178.4338255886431,1.7181464699219513,0,0,0,0,0,1,0,0,0,0,0,0,0,0,0,0,0,1,0,0,0,0,1,0.10109710950459105,0.898902890495409,0.017543859649122806,0.017543859649122806,0.0,0.0
2024-06-02 14:22:08,2024-07-03 12:34:29,30.925243055555555,517.47857,15.47185,795.90506,13.645349999999999,205.94330346034843,0.7299695217141458,178.4338255886431,1.7181464699219513,0,0,0,0,0,1,0,0,0,0,0,0,0,0,0,0,0,1,0,0,0,0,1,0.10109710950459105,0.898902890495409,0.0,0.0,0.0,0.0
2024-07-03 12:34:29,2024-07-08 13:04:12,5.020636574074074,517.47857,15.47185,795.90506,13.645349999999999,205.94330346034843,0.7299695217141458,178.4338255886431,1.7181464699219513,0,0,0,0,0,1,0,0,0,0,0,0,0,0,0,0,0,1,0,0,0,0,1,0.10109710950459105,0.898902890495409,0.0,0.03225806451612903,0.0,0.0
2024-05-03 10:31:24,2024-06-02 00:08:26,29.56738425925926,611.7727169811321,14.862169811320756,823.3938301886792,12.435150943396229,115.54057375507735,0.48610140959813863,76.3705052743309,0.8030039410737995,0,0,0,0,0,1,0,0,0,0,0,0,0,0,0,0,0,0,1,0,0,0,1,0.007526623261879695,0.9924733767381203,0.0,0.0,0.0,0.0
2024-06-02 00:08:26,2024-07-03 11:16:12,31.463726851851852,611.7727169811321,14.862169811320756,823.3938301886792,12.435150943396229,115.54057375507735,0.48610140959813863,76.3705052743309,0.8030039410737995,0,0,0,0,0,1,0,0,0,0,0,0,0,0,0,0,0,0,1,0,0,0,1,0.007526623261879695,0.9924733767381203,0.0,0.0,0.0,0.0
2024-07-03 11:16:12,2024-07-08 17:16:35,5.250266203703704,611.7727169811321,14.862169811320756,823.3938301886792,12.435150943396229,115.54057375507735,0.48610140959813863,76.3705052743309,0.8030039410737995,0,0,0,0,0,1,0,0,0,0,0,0,0,0,0,0,0,0,1,0,0,0,1,0.007526623261879695,0.9924733767381203,0.0,0.0,0.0,0.0
2024-05-02 22:27:15,2024-06-02 16:42:31,30.760601851851852,616.8307745098039,14.775558823529412,833.2939901960785,12.423872549019606,109.85728491208756,0.5401103402767343,57.641820946854295,0.7656923828663682,0,0,0,0,0,1,0,0,0,0,0,0,0,0,0,0,0,0,0,1,0,0,1,0.004953766728278519,0.9950462332717215,0.011111111111111112,0.0,0.0,0.0
2024-06-02 16:42:31,2024-07-03 08:17:39,30.649398148148148,616.8307745098039,14.775558823529412,833.2939901960785,12.423872549019606,109.85728491208756,0.5401103402767343,57.641820946854295,0.7656923828663682,0,0,0,0,0,1,0,0,0,0,0,0,0,0,0,0,0,0,0,1,0,0,1,0.004953766728278519,0.9950462332717215,0.0,0.0,0.0,0.0
2024-07-03 08:17:39,2024-07-07 13:22:04,4.211400462962963,616.8307745098039,14.775558823529412,833.2939901960785,12.423872549019606,109.85728491208756,0.5401103402767343,57.641820946854295,0.7656923828663682,0,0,0,0,0,1,0,0,0,0,0,0,0,0,0,0,0,0,0,1,0,0,1,0.004953766728278519,0.9950462332717215,0.0,0.0,0.0,0.0
2024-05-01 02:27:26,2024-05-01 21:14:05,0.7823958333333333,579.9866999999999,21.099654829545454,823.1189499999998,19.44505255681818,161.28052590834918,4.068610703903698,74.78690196430402,3.54615413323172,0,0,0,0,0,1,0,0,0,0,0,0,0,0,0,0,0,0,0,0,1,0,1,0.29655992384587326,0.7034400761541267,0.0,0.0,0.0,0.0
2024-05-01 21:14:05,2024-06-02 17:09:04,31.82984953703704,602.9744000000001,21.099654829545454,823.1189499999998,19.44505255681818,152.43885566468245,4.068610703903698,74.78690196430402,3.54615413323172,0,0,0,0,0,1,0,0,0,0,0,0,0,0,0,0,0,0,0,0,1,0,1,0.2758589085077079,0.7241410914922921,0.0034129692832764505,0.01877133105802048,0.0,0.0
2024-06-02 17:09:04,2024-07-03 10:50:04,30.736805555555556,602.9744000000001,21.099654829545454,839.7504999999999,19.44505255681818,152.43885566468245,4.068610703903698,56.52208981637646,3.54615413323172,0,0,0,0,0,1,0,0,0,0,0,0,0,0,0,0,0,0,0,0,1,0,1,0.27902445217891614,0.7209755478210839,0.0,0.0,0.0,0.0
2024-07-03 10:50:04,2024-07-06 12:01:30,3.0496064814814816,602.9744000000001,21.099654829545454,839.7504999999999,19.44505255681818,152.43885566468245,4.068610703903698,56.52208981637646,3.54615413323172,0,0,0,0,0,1,0,0,0,0,0,0,0,0,0,0,0,0,0,0,1,0,1,0.27902445217891614,0.7209755478210839,0.0,0.016129032258064516,0.0,0.0
2024-07-06 12:01:30,2024-07-08 16:13:03,2.1746875,337.85059599999994,21.099654829545454,839.7504999999999,19.44505255681818,259.94799499282385,4.068610703903698,56.52208981637646,3.54615413323172,0,0,0,0,0,1,0,0,0,0,0,0,0,0,0,0,0,0,0,0,1,0,0,0.5705501560624018,0.42944984393759816,0.0,0.023255813953488372,0.0,0.0
2024-05-01 01:06:22,2024-06-02 17:34:29,32.68619212962963,620.180151951952,15.710726726726728,804.8724264264265,12.850918918918921,141.2467954156744,1.357932373766562,106.76444001440132,1.407457952474734,0,0,0,0,0,1,0,0,0,0,0,0,0,0,0,0,0,0,0,0,0,1,1,0.13191363255601773,0.8680863674439823,0.006920415224913495,0.006920415224913495,0.0,0.0
2024-06-02 17:34:29,2024-07-03 10:23:17,30.700555555555557,620.180151951952,15.710726726726728,804.8724264264265,12.850918918918921,141.2467954156744,1.357932373766562,106.76444001440132,1.407457952474734,0,0,0,0,0,1,0,0,0,0,0,0,0,0,0,0,0,0,0,0,0,1,1,0.13191363255601773,0.8680863674439823,0.0,0.0,0.0,0.0
2024-07-03 10:23:17,2024-07-08 16:52:33,5.270324074074074,620.180151951952,15.710726726726728,804.8724264264265,12.850918918918921,141.2467954156744,1.357932373766562,106.76444001440132,1.407457952474734,0,0,0,0,0,1,0,0,0,0,0,0,0,0,0,0,0,0,0,0,0,1,1,0.13191363255601773,0.8680863674439823,0.022727272727272728,0.022727272727272728,0.0,0.0
2024-05-02 10:09:33,2024-05-23 23:17:10,21.546956018518518,164.75838499999998,120.1795,182.3254,120.96624999999999,17.323229991037895,6.722592948213394,6.878563018538103,3.4866580873984545,0,0,0,0,0,0,1,0,0,0,0,0,0,0,0,0,0,1,0,0,0,0,0,0.9937978552250467,0.006202144774953248,0.04245283018867924,0.04245283018867924,0.0,0.0
2024-05-23 23:17:10,2024-05-24 21:36:07,0.9298263888888889,130.867395,120.2941,155.32274999999998,147.06734999999998,62.18856130571954,3.349636930836096,48.605846568369685,44.59967561396666,1,0,0,0,0,0,1,0,0,0,0,0,0,0,0,0,0,1,0,0,0,0,0,0.9260576772862181,0.07394232271378187,0.0,0.0,0.0,0.0
2024-05-24 21:36:07,2024-06-02 17:51:21,8.843912037037038,168.88044999999997,119.16370000000002,182.8887,121.51705,9.88390388712881,3.104810666318353,5.970024650394318,3.6144918034722964,0,0,0,0,0,0,1,0,0,0,0,0,0,0,0,0,0,1,0,0,0,0,0,0.9920864406868575,0.007913559313142535,0.006802721088435374,0.006802721088435374,0.0,0.0
2024-06-02 17:51:21,2024-07-17 16:03:18,44.92496527777778,168.88044999999997,13.424699999999998,866.5628999999999,15.673649999999999,9.88390388712881,1.4989616441144566,19.65980531279092,2.436844017533636,0,0,0,0,0,0,1,0,0,0,0,0,0,0,0,0,0,1,0,0,0,0,1,0.12879123435510542,0.8712087656448946,0.0,0.0,0.0,0.0
2024-07-17 16:03:18,2024-07-17 21:53:37,0.24327546296296296,168.88044999999997,13.424699999999998,866.5628999999999,15.673649999999999,9.88390388712881,1.4989616441144566,19.65980531279092,2.436844017533636,0,0,0,0,0,0,1,0,0,0,0,0,0,0,0,0,0,1,0,0,0,0,1,0.12879123435510542,0.8712087656448946,0.0,0.0,0.0,0.0
2024-07-17 21:53:37,2024-07-19 20:35:32,1.9457754629629629,154.71744500000003,13.424699999999998,866.5628999999999,15.673649999999999,34.44028627016661,1.4989616441144566,19.65980531279092,2.436844017533636,0,0,0,0,0,0,1,0,0,0,0,0,0,0,0,0,0,1,0,0,0,0,1,0.1642275698593143,0.8357724301406857,0.025,0.025,0.0,0.0
2024-05-02 13:50:19,2024-06-02 13:51:28,31.00079861111111,850.856921875,14.6509609375,856.6102812500001,12.6826171875,32.441273460560886,1.1391123713429543,51.899540716459256,0.8006740064749247,0,0,0,0,0,0,1,0,0,0,0,0,0,0,0,0,0,0,1,0,0,0,1,0.02964712009209114,0.9703528799079089,0.0,0.0078125,0.0,0.0
2024-05-02 15:05:08,2024-06-02 13:11:14,30.920902777777776,864.3102999999999,14.441622377622378,854.9903041958042,12.747723776223777,13.393775840803233,1.2451183516166535,56.678853780785225,1.0124684048409258,0,0,0,0,0,0,1,0,0,0,0,0,0,0,0,0,0,0,0,1,0,0,1,0.01583331919752551,0.9841666808024745,0.0,0.0037593984962406013,0.0,0.0
2024-06-02 13:11:14,2024-07-17 15:51:30,45.111296296296295,243.94571000000002,14.441622377622378,854.9903041958042,12.747723776223777,222.19935272480905,1.2451183516166535,56.678853780785225,1.0124684048409258,0,0,0,0,0,0,1,0,0,0,0,0,0,0,0,0,0,0,0,1,0,0,1,0.14922988122571101,0.850770118774289,0.0,0.0,0.0,0.0
2024-07-17 15:51:30,2024-07-19 19:46:04,2.1628935185185183,243.94571000000002,14.441622377622378,854.9903041958042,12.747723776223777,222.19935272480905,1.2451183516166535,56.678853780785225,1.0124684048409258,0,0,0,0,0,0,1,0,0,0,0,0,0,0,0,0,0,0,0,1,0,0,1,0.14922988122571101,0.850770118774289,0.0,0.0,0.0,0.0
2024-05-02 16:55:11,2024-06-02 18:02:30,31.046747685185185,786.6199098360656,19.0852131147541,847.63835,18.966774590163933,184.3360993128269,2.7380308060969547,39.77648412696416,3.0177447733170792,0,0,0,0,0,0,1,0,0,0,0,0,0,0,0,0,0,0,0,0,1,0,0,0.847803949398753,0.1521960506012469,0.008888888888888889,0.017777777777777778,0.0,0.0
2024-06-02 18:02:30,2024-07-17 16:52:15,44.95121527777778,786.6199098360656,19.0852131147541,776.87495,18.966774590163933,184.3360993128269,2.7380308060969547,179.6818899627236,3.0177447733170792,0,0,0,0,0,0,1,0,0,0,0,0,0,0,0,0,0,0,0,0,1,0,0,0.8112199145149716,0.18878008548502848,0.0,0.0,0.0,0.0
2024-07-17 16:52:15,2024-07-19 13:52:24,1.8751041666666666,786.6199098360656,19.0852131147541,776.87495,18.966774590163933,184.3360993128269,2.7380308060969547,179.6818899627236,3.0177447733170792,0,0,0,0,0,0,1,0,0,0,0,0,0,0,0,0,0,0,0,0,1,0,0,0.8112199145149716,0.18878008548502848,0.0,0.0,0.0,0.0
2024-05-02 12:14:06,2024-05-22 05:14:07,19.708344907407408,889.0246000000001,13.411663829787233,823.0576085106383,12.726468085106385,63.000560387983846,0.9151464747609102,109.91338443621026,1.2689235873598865,0,0,0,0,0,0,1,0,0,0,0,0,0,0,0,0,0,0,0,0,0,1,1,0.3576976648398352,0.6423023351601648,0.0,0.014388489208633094,0.0,0.0
2024-05-22 05:14:07,2024-05-28 21:58:05,6.697199074074074,912.6178499999999,13.411663829787233,823.0576085106383,12.726468085106385,8.368988716339057,0.9151464747609102,109.91338443621026,1.2689235873598865,1,0,0,0,0,0,1,0,0,0,0,0,0,0,0,0,0,0,0,0,0,1,0,0.2281145391688939,0.7718854608311061,0.0,0.019230769230769232,0.0,0.0
2024-05-28 21:58:05,2024-05-31 14:08:14,2.6737152777777777,874.03945,13.411663829787233,823.0576085106383,12.726468085106385,104.50693055863253,0.9151464747609102,109.91338443621026,1.2689235873598865,1,0,0,0,0,0,1,0,0,0,0,0,0,0,0,0,0,0,0,0,0,1,0,0.47407364143352015,0.5259263585664798,0.0,0.0,0.0,0.0
2024-05-31 14:08:14,2024-06-02 16:48:18,2.1111574074074073,697.200365,13.411663829787233,823.0576085106383,12.726468085106385,336.28773499603494,0.9151464747609102,109.91338443621026,1.2689235873598865,0,0,0,0,0,0,1,0,0,0,0,0,0,0,0,0,0,0,0,0,0,1,0,0.9295412002022923,0.0704587997977078,0.0,0.0,0.0,0.0
2024-06-02 16:48:18,2024-07-17 16:28:23,44.986168981481484,697.200365,13.411663829787233,823.0576085106383,12.726468085106385,336.28773499603494,0.9151464747609102,109.91338443621026,1.2689235873598865,0,0,0,0,0,0,1,0,0,0,0,0,0,0,0,0,0,0,0,0,0,1,0,0.9295412002022923,0.0704587997977078,0.0,0.0,0.0,0.0
2024-07-17 16:28:23,2024-07-19 16:17:52,1.9926967592592593,697.200365,13.411663829787233,823.0576085106383,12.726468085106385,336.28773499603494,0.9151464747609102,109.91338443621026,1.2689235873598865,0,0,0,0,0,0,1,0,0,0,0,0,0,0,0,0,0,0,0,0,0,1,0,0.9295412002022923,0.0704587997977078,0.0,0.07142857142857142,0.0,0.0
2024-05-02 10:19:00,2024-06-16 17:30:29,45.2996412037037,166.103145,122.28495000000001,173.99998,124.76999999999998,33.58828757530745,17.032720493756155,26.05378448977382,17.123111193570182,0,0,0,0,0,0,0,1,0,0,0,0,0,0,0,0,0,1,0,0,0,0,0,0.9942926411592836,0.00570735884071635,0.03902439024390244,0.04390243902439024,0.0,0.0
2024-06-16 17:30:29,2024-06-28 14:11:18,11.86167824074074,138.32496791500003,118.74705000000002,168.7442425,121.81420000000003,56.824558344057614,3.0631875979975995,43.196841405877656,3.3162755043953496,1,0,0,0,0,0,0,1,0,0,0,0,0,0,0,0,0,1,0,0,0,0,0,0.9971001590201812,0.0028998409798187304,0.028169014084507043,0.028169014084507043,0.0,0.0
2024-06-28 14:11:18,2024-07-01 13:26:08,2.968634259259259,94.71927500000001,207.10240000000005,104.085475,211.81479999999996,26.55944998669321,37.89316703909336,36.79846348853047,41.59287261513621,1,0,0,0,0,0,0,1,0,0,0,0,0,0,0,0,0,1,0,0,0,0,0,0.9996917007221771,0.00030829927782299166,0.0,0.0,0.05555555555555555,0.05555555555555555
2024-07-01 13:26:08,2024-07-09 21:04:16,8.318148148148149,163.21205,120.28614999999999,181.44930000000002,121.51649999999998,7.069248664573833,3.388656204316487,8.604210444831491,6.32130158565798,1,0,0,0,0,0,0,1,0,0,0,0,0,0,0,0,0,1,0,0,0,0,0,0.9943158866533747,0.005684113346625314,0.022727272727272728,0.022727272727272728,0.0,0.0
2024-07-09 21:04:16,2024-07-17 12:59:09,7.663113425925926,537.5452035000001,20.777499999999996,619.0632373999999,19.84315,339.6363219008393,22.89159712875585,231.2448061114364,23.287361476888343,1,0,0,0,0,0,0,1,0,0,0,0,0,0,0,0,0,1,0,0,0,0,0,0.8611350813451917,0.13886491865480838,0.0,0.0,0.0,0.0
2024-07-17 12:59:09,2024-07-23 14:50:21,6.077222222222222,170.02895,14.38555,619.0632373999999,19.84315,14.627453793160742,1.7714425722676155,231.2448061114364,23.287361476888343,0,0,0,0,0,0,0,1,0,0,0,0,0,0,0,0,0,1,0,0,0,0,1,0.05154487743621605,0.948455122563784,0.0,0.0,0.0,0.0
2024-05-02 17:57:03,2024-06-02 03:24:24,30.393993055555555,846.2423647798742,14.632742138364778,790.4039056603773,12.63259748427673,21.019604371381128,0.9143753018209801,121.49615004729091,0.8784047690111201,0,0,0,0,0,0,0,1,0,0,0,0,0,0,0,0,0,0,1,0,0,0,1,0.04089280242376314,0.9591071975762369,0.0,0.0,0.0,0.0
2024-06-02 03:24:24,2024-06-05 06:47:24,3.140972222222222,846.2423647798742,14.632742138364778,790.4039056603773,12.63259748427673,21.019604371381128,0.9143753018209801,121.49615004729091,0.8784047690111201,0,0,0,0,0,0,0,1,0,0,0,0,0,0,0,0,0,0,1,0,0,0,1,0.04089280242376314,0.9591071975762369,0.0,0.0,0.0,0.0
2024-06-05 06:47:24,2024-06-27 13:25:09,22.276215277777776,846.2423647798742,14.632742138364778,790.4039056603773,12.63259748427673,21.019604371381128,0.9143753018209801,121.49615004729091,0.8784047690111201,0,0,0,0,0,0,0,1,0,0,0,0,0,0,0,0,0,0,1,0,0,0,1,0.04089280242376314,0.9591071975762369,0.0,0.0,0.0,0.0
2024-06-27 13:25:09,2024-06-30 15:43:23,3.09599537037037,846.2423647798742,14.632742138364778,790.4039056603773,12.63259748427673,21.019604371381128,0.9143753018209801,121.49615004729091,0.8784047690111201,0,0,0,0,0,0,0,1,0,0,0,0,0,0,0,0,0,0,1,0,0,0,1,0.04089280242376314,0.9591071975762369,0.0,0.0,0.0,0.0
2024-06-30 15:43:23,2024-07-15 02:18:06,14.440775462962963,846.2423647798742,14.632742138364778,790.4039056603773,12.63259748427673,21.019604371381128,0.9143753018209801,121.49615004729091,0.8784047690111201,0,0,0,0,0,0,0,1,0,0,0,0,0,0,0,0,0,0,1,0,0,0,1,0.04089280242376314,0.9591071975762369,0.0,0.0,0.0,0.0
2024-05-02 15:01:27,2024-07-23 12:41:04,81.90251157407407,799.9704390047394,15.22877251184834,664.5848,12.77432701421801,169.68958185695894,7.261512549075685,142.40363333020022,1.6325324184574026,0,0,0,0,0,0,0,1,0,0,0,0,0,0,0,0,0,0,0,1,0,0,1,0.19790957587750746,0.8020904241224925,0.004739336492890996,0.009478672985781991,0.0,0.0
2024-05-02 10:54:27,2024-06-16 05:53:30,44.79100694444445,762.5355999999999,19.105360610263524,685.6968999999999,19.941899999999997,132.0666794393929,3.160009793913382,180.36566045876447,3.1585089236936836,0,0,0,0,0,0,0,1,0,0,0,0,0,0,0,0,0,0,0,0,1,0,0,0.8348899140541658,0.16511008594583423,0.0049261083743842365,0.020935960591133004,0.0,0.0
2024-06-16 05:53:30,2024-06-22 19:04:22,6.549212962962963,822.3776,19.105360610263524,723.3814,19.941899999999997,126.767953988629,3.160009793913382,199.13547752364073,3.1585089236936836,1,0,0,0,0,0,0,1,0,0,0,0,0,0,0,0,0,0,0,0,1,0,0,0.8041643589696984,0.19583564103030163,0.00819672131147541,0.03278688524590164,0.0,0.0
2024-06-22 19:04:22,2024-06-23 08:42:19,0.5680208333333333,855.34375,19.105360610263524,723.3814,18.44075,93.9892296074256,3.160009793913382,199.13547752364073,1.1548894626987605,1,0,0,0,0,0,0,1,0,0,0,0,0,0,0,0,0,0,0,0,1,0,0,0.763454834257832,0.23654516574216805,0.0,0.0,0.0,0.0
2024-06-23 08:42:19,2024-07-04 21:19:15,11.525648148148148,829.06825,19.105360610263524,723.3814,18.44075,92.34652080294035,3.160009793913382,199.13547752364073,1.1548894626987605,1,0,0,0,0,0,0,1,0,0,0,0,0,0,0,0,0,0,0,0,1,0,0,0.7596931852203507,0.2403068147796493,0.012987012987012988,0.030303030303030304,0.0,0.0
2024-07-04 21:19:15,2024-07-06 12:24:03,1.6283333333333334,867.5094499999999,19.105360610263524,723.3814,18.44075,52.68677547591994,3.160009793913382,199.13547752364073,1.1548894626987605,1,0,0,0,0,0,0,1,0,0,0,0,0,0,0,0,0,0,0,0,1,0,0,0.6664870174623401,0.3335129825376599,0.0,0.0,0.0,0.0
2024-07-06 12:24:03,2024-07-16 09:23:08,9.874363425925926,376.725752,19.105360610263524,723.3814,18.44075,405.1628555301776,3.160009793913382,199.13547752364073,1.1548894626987605,1,0,0,0,0,0,0,1,0,0,0,0,0,0,0,0,0,0,0,0,1,0,0,0.9915027155812617,0.008497284418738265,0.0,0.007936507936507936,0.0,0.0
2024-07-16 09:23:08,2024-07-22 13:55:08,6.188888888888889,380.1289335,19.105360610263524,723.3814,18.44075,304.84791451200346,3.160009793913382,199.13547752364073,1.1548894626987605,1,0,0,0,0,0,0,1,0,0,0,0,0,0,0,0,0,0,0,0,1,0,0,0.9732357535300747,0.026764246469925247,0.011764705882352941,0.011764705882352941,0.011764705882352941,0.0
2024-07-22 13:55:08,2024-07-23 13:59:22,1.0029398148148148,753.87735,19.105360610263524,723.3814,18.44075,228.54095674754137,3.160009793913382,199.13547752364073,1.1548894626987605,0,0,0,0,0,0,0,1,0,0,0,0,0,0,0,0,0,0,0,0,1,0,0,0.9387492358236792,0.061250764176320756,0.0,0.0,0.0,0.0
2024-05-02 10:43:04,2024-05-18 01:57:48,15.635231481481481,863.1974,14.5445,549.8371999999999,12.8185,17.290948375561012,0.8028720485331329,142.29639295557854,0.9635396640567147,0,0,0,0,0,0,0,1,0,0,0,0,0,0,0,0,0,0,0,0,0,1,1,0.5114261555157984,0.4885738444842016,0.0,0.0,0.0,0.0
2024-05-18 01:57:48,2024-06-12 00:32:23,24.94068287037037,877.7882,14.5445,829.4983,12.8185,98.57116940865353,0.8028720485331329,80.23169670995307,0.9635396640567147,1,0,0,0,0,0,0,1,0,0,0,0,0,0,0,0,0,0,0,0,0,1,1,0.6222532185238958,0.3777467814761042,0.004807692307692308,0.009615384615384616,0.0,0.0
2024-06-12 00:32:23,2024-06-19 11:46:04,7.4678356481481485,906.4887000000001,14.58545,829.4983,12.8185,11.549688166672226,6.135614433050096,80.23169670995307,0.9635396640567147,1,0,0,0,0,0,0,1,0,0,0,0,0,0,0,0,0,0,0,0,0,1,0,0.4183613498236579,0.5816386501763421,0.013157894736842105,0.013157894736842105,0.0,0.0
2024-06-19 11:46:04,2024-06-29 00:17:10,9.521597222222223,890.5230999999998,14.58545,829.4983,12.8185,69.8262564527127,6.135614433050096,80.23169670995307,0.9635396640567147,1,0,0,0,0,0,0,1,0,0,0,0,0,0,0,0,0,0,0,0,0,1,0,0.5858791601016322,0.41412083989836784,0.0,0.011363636363636364,0.0,0.0
2024-06-29 00:17:10,2024-06-30 17:30:25,1.7175347222222221,812.36384,14.58545,829.4983,12.8185,214.20804474235692,6.135614433050096,80.23169670995307,0.9635396640567147,1,0,0,0,0,0,0,1,0,0,0,0,0,0,0,0,0,0,0,0,0,1,0,0.8829349352605835,0.11706506473941647,0.0,0.0,0.0,0.0
2024-06-30 17:30:25,2024-07-06 05:39:17,5.506157407407407,911.1808500000003,14.58545,829.4983,12.8185,12.347259062024124,6.135614433050096,80.23169670995307,0.9635396640567147,1,0,0,0,0,0,0,1,0,0,0,0,0,0,0,0,0,0,0,0,0,1,0,0.4206896531489914,0.5793103468510086,0.018518518518518517,0.037037037037037035,0.0,0.0
2024-07-06 05:39:17,2024-07-23 14:25:10,17.36519675925926,522.3625519999999,14.58545,829.4983,12.8185,420.5798078857379,6.135614433050096,80.23169670995307,0.9635396640567147,0,0,0,0,0,0,0,1,0,0,0,0,0,0,0,0,0,0,0,0,0,1,0,0.9878911017647087,0.012108898235291272,0.01680672268907563,0.008403361344537815,0.0,0.0
2024-05-02 17:59:28,2024-07-15 08:49:05,73.61778935185185,768.1740678698226,23.517881656804732,826.4282366863904,13.233674556213018,106.76850196602338,10.385913864241092,71.32099242252677,1.0328177508888685,0,0,0,0,0,0,0,0,1,0,0,0,0,0,0,0,0,0,1,0,0,0,1,0.035030965057776364,0.9649690349422236,0.011834319526627219,0.0,0.0,0.0
2024-05-02 15:03:17,2024-06-09 09:16:32,37.75920138888889,754.8730985698325,23.168550000000003,831.5224499999998,13.337000000000002,147.48815352769935,1.052199674616542,64.10104745549877,1.025873812245778,0,0,0,0,0,0,0,0,1,0,0,0,0,0,0,0,0,0,0,1,0,0,1,0.027952767197130468,0.9720472328028695,0.0,0.0,0.0,0.0
2024-06-09 09:16:32,2024-06-13 00:22:14,3.6289583333333333,754.8730985698325,23.168550000000003,831.5224499999998,13.337000000000002,147.48815352769935,1.052199674616542,64.10104745549877,1.025873812245778,0,0,0,0,0,0,0,0,1,0,0,0,0,0,0,0,0,0,0,1,0,0,1,0.027952767197130468,0.9720472328028695,0.0,0.0,0.0,0.0
2024-06-13 00:22:14,2024-07-12 03:37:14,29.135416666666668,754.8730985698325,23.168550000000003,831.5224499999998,13.337000000000002,147.48815352769935,1.052199674616542,64.10104745549877,1.025873812245778,0,0,0,0,0,0,0,0,1,0,0,0,0,0,0,0,0,0,0,1,0,0,1,0.027952767197130468,0.9720472328028695,0.03389830508474576,0.0,0.0,0.0
2024-07-12 03:37:14,2024-07-15 10:31:37,3.2877662037037036,754.8730985698325,30.666949999999996,846.97945,13.337000000000002,147.48815352769935,29.813190313711456,27.257515144258356,1.025873812245778,0,0,0,0,0,0,0,0,1,0,0,0,0,0,0,0,0,0,0,1,0,0,1,0.09621474123030238,0.9037852587696976,0.0,0.0,0.0,0.0
2024-07-15 10:31:37,2024-07-19 07:41:12,3.8816550925925926,754.8730985698325,30.666949999999996,846.97945,13.337000000000002,147.48815352769935,29.813190313711456,27.257515144258356,1.025873812245778,0,0,0,0,0,0,0,0,1,0,0,0,0,0,0,0,0,0,0,1,0,0,1,0.09621474123030238,0.9037852587696976,0.0,0.0,0.0,0.0
2024-07-19 07:41:12,2024-07-23 07:12:21,3.9799652777777776,754.8730985698325,30.666949999999996,846.97945,13.337000000000002,147.48815352769935,29.813190313711456,27.257515144258356,1.025873812245778,0,0,0,0,0,0,0,0,1,0,0,0,0,0,0,0,0,0,0,1,0,0,1,0.09621474123030238,0.9037852587696976,0.0,0.0,0.0,0.0
2024-05-02 15:33:23,2024-05-29 00:00:09,26.351921296296297,761.2954000000001,24.14740240452617,783.0924499999999,19.503264497878362,69.44747671623954,3.901084441751879,113.1482724799981,4.743535877904434,0,0,0,0,0,0,0,0,1,0,0,0,0,0,0,0,0,0,0,0,1,0,1,0.2864936961374319,0.7135063038625681,0.0,0.026970954356846474,0.0,0.0
2024-05-29 00:00:09,2024-06-15 07:32:24,17.3140625,790.9549999999999,24.14740240452617,760.0804999999999,19.503264497878362,50.96678125066005,3.901084441751879,115.0185929429627,4.743535877904434,1,0,0,0,0,0,0,0,1,0,0,0,0,0,0,0,0,0,0,0,1,0,1,0.25446201386031064,0.7455379861396894,0.0,0.023809523809523808,0.0,0.0
2024-06-15 07:32:24,2024-07-19 04:02:20,33.85412037037037,690.7528500000001,24.14740240452617,760.0804999999999,19.503264497878362,111.28518061235147,3.901084441751879,115.0185929429627,4.743535877904434,1,0,0,0,0,0,0,0,1,0,0,0,0,0,0,0,0,0,0,0,1,0,0,0.40613767198320316,0.5938623280167968,0.0017094017094017094,0.03076923076923077,0.0,0.0
2024-07-19 04:02:20,2024-07-23 14:00:29,4.415381944444444,182.63645000000002,24.14740240452617,760.0804999999999,19.503264497878362,4.080852845268599,3.901084441751879,115.0185929429627,4.743535877904434,0,0,0,0,0,0,0,0,1,0,0,0,0,0,0,0,0,0,0,0,1,0,1,0.16009658330674226,0.8399034166932577,0.0,0.0,0.0,0.0
2024-05-02 19:34:16,2024-07-17 20:25:28,76.03555555555556,789.4080999999999,20.526000000000003,776.26045,13.057385630498532,93.68087980670279,2.906345399113355,149.10467337886635,1.391580903868166,0,0,0,0,0,0,0,0,1,0,0,0,0,0,0,0,0,0,0,0,0,1,1,0.22405796909871967,0.7759420309012803,0.001567398119122257,0.009404388714733543,0.0,0.0
2024-07-17 20:25:28,2024-07-23 15:07:27,5.7791550925925925,175.6965,26.447000000000003,828.7948,13.057385630498532,18.852004253352508,22.764591281429286,58.58973449836988,1.391580903868166,0,0,0,0,0,0,0,0,1,0,0,0,0,0,0,0,0,0,0,0,0,1,1,0.24578362734357306,0.7542163726564269,0.0,0.022222222222222223,0.0,0.0
2024-05-03 16:34:05,2024-05-24 21:22:05,21.2,169.93645,119.80805000000001,184.5356,120.6231,13.03848458047419,11.21620283093779,5.132468446848432,3.271159281066158,0,0,0,0,0,0,0,0,0,1,0,0,0,0,0,0,0,1,0,0,0,0,0,0.9847845483221228,0.015215451677877233,0.06153846153846154,0.015384615384615385,0.0,0.0
2024-05-24 21:22:05,2024-06-05 22:44:30,12.057233796296297,172.98535,116.55600000000001,184.5356,121.62894999999999,7.818198010680627,2.6757094681401314,5.132468446848432,3.4423224790829803,1,0,0,0,0,0,0,0,0,1,0,0,0,0,0,0,0,1,0,0,0,0,0,0.9760364877114093,0.023963512288590717,0.017241379310344827,0.017241379310344827,0.017241379310344827,0.017241379310344827
2024-06-05 22:44:30,2024-06-17 21:38:23,11.954085648148148,173.0455,117.7076,182.14875,121.12825000000001,7.345334555814466,27.729929694902047,5.529861870122217,3.215032403454616,1,0,0,0,0,0,0,0,0,1,0,0,0,0,0,0,0,1,0,0,0,0,0,0.9900728966051207,0.009927103394879368,0.0,0.0,0.03773584905660377,0.018867924528301886
2024-06-17 21:38:23,2024-06-28 15:18:10,10.735960648148149,173.85805,117.7076,182.14875,121.12825000000001,11.250834113990228,27.729929694902047,5.529861870122217,3.215032403454616,1,0,0,0,0,0,0,0,0,1,0,0,0,0,0,0,0,1,0,0,0,0,0,0.990509799361502,0.009490200638498075,0.01694915254237288,0.01694915254237288,0.0,0.0
2024-06-28 15:18:10,2024-07-01 09:53:15,2.7743634259259258,93.92688000000001,212.07614999999996,100.35769,216.43469999999996,29.552260235592986,32.07818037278529,26.30313338142335,31.43991463444283,1,0,0,0,0,0,0,0,0,1,0,0,0,0,0,0,0,1,0,0,0,0,0,0.9994207542954568,0.0005792457045431757,0.0,0.0,0.05263157894736842,0.05263157894736842
2024-07-01 09:53:15,2024-07-11 01:30:31,9.65087962962963,172.32394999999997,119.8117,182.17455,121.77955,11.813151406600321,3.0800339215493624,6.553750942660322,3.8836241819777184,1,0,0,0,0,0,0,0,0,1,0,0,0,0,0,0,0,1,0,0,0,0,0,0.9791625238378687,0.020837476162131288,0.0,0.0,0.047619047619047616,0.0
2024-07-11 01:30:31,2024-07-17 03:09:32,6.068761574074074,585.3804745999998,15.90755,866.8829499999999,14.917449999999997,289.02745038771445,2.151326456789906,31.55259821393478,1.4764291729140204,1,0,0,0,0,0,0,0,0,1,0,0,0,0,0,0,0,1,0,0,0,0,0,0.6197103726551073,0.3802896273448927,0.0,0.0,0.0,0.0
2024-07-17 03:09:32,2024-07-23 10:43:14,6.315069444444444,147.0577096,15.90755,866.8829499999999,14.917449999999997,90.91110289270394,2.151326456789906,31.55259821393478,1.4764291729140204,0,0,0,0,0,0,0,0,0,1,0,0,0,0,0,0,0,1,0,0,0,0,1,0.13684444815898478,0.8631555518410152,0.022727272727272728,0.022727272727272728,0.0,0.0
2024-05-03 15:37:25,2024-06-02 10:54:18,29.803391203703704,831.2484875,15.50753125,872.2996499999999,12.294787500000002,29.52260917824958,0.8734472002335986,18.837978795018827,1.0896058798610042,0,0,0,0,0,0,0,0,0,1,0,0,0,0,0,0,0,0,1,0,0,0,1,0.0112718012738523,0.9887281987261477,0.0,0.0,0.0,0.0
2024-06-02 10:54:18,2024-06-05 12:01:29,3.0466550925925926,831.2484875,15.50753125,859.692,12.294787500000002,29.52260917824958,0.8734472002335986,43.451130136111104,1.0896058798610042,0,0,0,0,0,0,0,0,0,1,0,0,0,0,0,0,0,0,1,0,0,0,1,0.010778286988639696,0.9892217130113603,0.0,0.0,0.0,0.0
2024-06-05 12:01:29,2024-06-29 20:20:31,24.346550925925925,831.2484875,15.50753125,859.692,12.294787500000002,29.52260917824958,0.8734472002335986,43.451130136111104,1.0896058798610042,0,0,0,0,0,0,0,0,0,1,0,0,0,0,0,0,0,0,1,0,0,0,1,0.010778286988639696,0.9892217130113603,0.0,0.0,0.0,0.0
2024-06-29 20:20:31,2024-07-02 22:35:04,3.0934375,831.2484875,15.50753125,859.692,12.294787500000002,29.52260917824958,0.8734472002335986,43.451130136111104,1.0896058798610042,0,0,0,0,0,0,0,0,0,1,0,0,0,0,0,0,0,0,1,0,0,0,1,0.010778286988639696,0.9892217130113603,0.0,0.0,0.0,0.0
2024-07-02 22:35:04,2024-07-15 00:30:06,12.07988425925926,831.2484875,15.50753125,859.692,12.294787500000002,29.52260917824958,0.8734472002335986,43.451130136111104,1.0896058798610042,0,0,0,0,0,0,0,0,0,1,0,0,0,0,0,0,0,0,1,0,0,0,1,0.010778286988639696,0.9892217130113603,0.05555555555555555,0.05555555555555555,0.0,0.0
2024-05-03 14:50:05,2024-06-04 18:12:09,32.14032407407407,842.08925,15.2951,860.0512738095238,12.42124404761905,25.22236545080993,0.5771997647444536,54.61839769143424,1.0009458969330518,0,0,0,0,0,0,0,0,0,1,0,0,0,0,0,0,0,0,0,1,0,0,1,0.006670431849200575,0.9933295681507994,0.0,0.0,0.0,0.0
2024-06-04 18:12:09,2024-07-23 15:01:27,48.86756944444444,790.8268579999999,20.7247,860.0512738095238,12.42124404761905,185.9269769829659,22.527276276362816,54.61839769143424,1.0009458969330518,0,0,0,0,0,0,0,0,0,1,0,0,0,0,0,0,0,0,0,1,0,0,1,0.09904606369439628,0.9009539363056037,0.011764705882352941,0.011764705882352941,0.0,0.0
2024-05-03 15:12:31,2024-07-06 10:50:24,63.81797453703704,867.5812,18.980150000000002,863.4021,19.817879396984925,43.688615053882344,0.7166053215279001,40.124398075695076,5.660142075974293,0,0,0,0,0,0,0,0,0,1,0,0,0,0,0,0,0,0,0,0,1,0,1,0.226414961841093,0.773585038158907,0.004393673110720563,0.025483304042179262,0.0,0.0
2024-07-06 10:50:24,2024-07-06 21:35:07,0.4477199074074074,430.89492950000005,18.66875,849.87055,19.817879396984925,413.7457411847462,1.1777946776206705,26.89665193892512,5.660142075974293,1,0,0,0,0,0,0,0,0,1,0,0,0,0,0,0,0,0,0,0,1,0,0,0.9579046317077123,0.04209536829228764,0.0,0.0,0.09090909090909091,0.0
2024-07-06 21:35:07,2024-07-21 15:09:22,14.732118055555556,709.7986085,19.1434,849.87055,19.817879396984925,317.94960980221174,2.1305646496447337,26.89665193892512,5.660142075974293,1,0,0,0,0,0,0,0,0,1,0,0,0,0,0,0,0,0,0,0,1,0,0,0.8886672552710416,0.11133274472895839,0.0,0.014084507042253521,0.0,0.0
2024-07-21 15:09:22,2024-07-23 13:17:16,1.9221527777777778,219.2231,11.1739,728.3685370000001,19.817879396984925,159.0597045838614,0.8248231644610733,273.8106091323698,5.660142075974293,0,0,0,0,0,0,0,0,0,1,0,0,0,0,0,0,0,0,0,0,1,0,1,0.356582169412783,0.643417830587217,0.0,0.0,0.0,0.0
2024-05-03 17:23:10,2024-05-12 17:14:16,8.993819444444444,905.1812,13.584399999999999,871.45265,12.619711538461537,35.433747200864005,0.8929494239228839,38.63147707065478,5.059507771805768,0,0,0,0,0,0,0,0,0,1,0,0,0,0,0,0,0,0,0,0,0,1,1,0.10864913412241728,0.8913508658775827,0.0,0.012195121951219513,0.0,0.0
2024-05-12 17:14:16,2024-05-25 00:10:05,12.288761574074075,847.9275500000001,13.584399999999999,871.45265,12.619711538461537,119.1218537462574,0.8929494239228839,38.63147707065478,5.059507771805768,1,0,0,0,0,0,0,0,0,1,0,0,0,0,0,0,0,0,0,0,0,1,0,0.24318405907717133,0.7568159409228287,0.0,0.018691588785046728,0.0,0.0
2024-05-25 00:10:05,2024-07-04 15:35:12,40.64244212962963,906.4301499999999,13.584399999999999,873.8062,12.619711538461537,12.463923608284745,0.8929494239228839,13.81498188504823,5.059507771805768,1,0,0,0,0,0,0,0,0,1,0,0,0,0,0,0,0,0,0,0,0,1,1,0.09107618158694719,0.9089238184130528,0.0028653295128939827,0.011461318051575931,0.0,0.0
2024-07-04 15:35:12,2024-07-09 08:08:26,4.68974537037037,628.7279910000001,13.584399999999999,846.1235,12.619711538461537,386.58730271650603,0.8929494239228839,126.78348963634194,5.059507771805768,1,0,0,0,0,0,0,0,0,1,0,0,0,0,0,0,0,0,0,0,0,1,0,0.8519183438299427,0.14808165617005736,0.046511627906976744,0.06976744186046512,0.0,0.0
2024-07-09 08:08:26,2024-07-23 14:35:27,14.268761574074073,738.5314300000001,13.584399999999999,846.1235,12.619711538461537,215.9586577880934,0.8929494239228839,126.78348963634194,5.059507771805768,0,0,0,0,0,0,0,0,0,1,0,0,0,0,0,0,0,0,0,0,0,1,1,0.4434930505304925,0.5565069494695075,0.010101010101010102,0.010101010101010102,0.0,0.0
2024-05-04 11:28:08,2024-06-02 15:50:13,29.182002314814813,162.7133917734375,122.48714843750001,178.1292,124.2710625,26.15737219900374,15.722102061421726,4.866541424007296,16.1089635314956,0,0,0,0,0,0,0,0,0,0,1,0,0,0,0,0,0,1,0,0,0,0,0,0.9728747906405957,0.027125209359404285,0.03125,0.015625,0.0,0.0
2024-05-04 16:17:17,2024-05-19 16:17:29,15.00013888888889,804.35205,19.842151340996168,692.9955000000001,19.34277777777778,78.38194478824089,1.2653052274856895,196.7078919021272,3.2582741796824086,0,0,0,0,0,0,0,0,0,0,1,0,0,0,0,0,0,0,0,0,1,0,1,0.32999383829224294,0.6700061617077571,0.0,0.01953125,0.0,0.0
2024-05-19 16:17:29,2024-06-02 16:43:32,14.018090277777778,859.7290999999999,19.842151340996168,768.3530999999999,19.34277777777778,53.23728934230018,1.2653052274856895,177.84200883661347,3.2582741796824086,0,0,0,0,0,0,0,0,0,0,1,0,0,0,0,0,0,0,0,0,1,0,1,0.24542972023373544,0.7545702797662646,0.00749063670411985,0.026217228464419477,0.0,0.0
2024-05-04 11:12:08,2024-05-24 23:44:28,20.522453703703704,856.21345,13.708200743494425,715.0005055762082,12.553855018587361,46.25501840480606,0.8817816495380996,167.85914035413742,1.2745419360744497,0,0,0,0,0,0,0,0,0,0,1,0,0,0,0,0,0,0,0,0,0,1,1,0.14915577835366833,0.8508442216463317,0.005376344086021506,0.021505376344086023,0.0,0.0
2024-05-24 23:44:28,2024-05-29 17:12:21,4.727696759259259,877.9742999999999,13.708200743494425,715.0005055762082,12.553855018587361,100.41011035438089,0.8817816495380996,167.85914035413742,1.2745419360744497,1,0,0,0,0,0,0,0,0,0,1,0,0,0,0,0,0,0,0,0,0,1,0,0.24780343681603556,0.7521965631839644,0.0,0.022727272727272728,0.0,0.0
2024-05-29 17:12:21,2024-06-02 17:53:22,4.028483796296296,908.87045,13.708200743494425,715.0005055762082,12.553855018587361,8.748927299509656,0.8817816495380996,167.85914035413742,1.2745419360744497,0,0,0,0,0,0,0,0,0,0,1,0,0,0,0,0,0,0,0,0,0,1,1,0.10211111439411091,0.8978888856058891,0.0,0.0,0.0,0.0
2024-05-06 15:10:23,2024-06-02 18:03:19,27.12009259259259,160.69255227884616,122.70614423076924,160.87539,125.86183653846155,27.84040067479698,16.137714255332526,39.35180679634338,18.399048175101886,0,0,0,0,0,0,0,0,0,0,0,1,0,0,0,0,0,1,0,0,0,0,0,0.9346488489041376,0.06535115109586247,0.019230769230769232,0.028846153846153848,0.0,0.0
2024-05-06 11:17:27,2024-05-07 09:17:15,0.9165277777777778,679.30525,20.61610800744879,739.5422500000001,20.2239,98.08494049969622,1.6289760356984355,64.32183690578348,2.466793143035369,0,0,0,0,0,0,0,0,0,0,0,1,0,0,0,0,0,0,0,0,1,0,1,0.3068177722777128,0.6931822277222872,0.0,0.0,0.0,0.0
2024-05-07 09:17:15,2024-05-26 21:51:33,19.523819444444445,780.9243,20.61610800744879,739.5422500000001,20.2239,79.96838114898584,1.6289760356984355,64.32183690578348,2.466793143035369,1,0,0,0,0,0,0,0,0,0,0,1,0,0,0,0,0,0,0,0,1,0,1,0.26515026577873435,0.7348497342212656,0.0053475935828877,0.02406417112299465,0.0,0.0
2024-05-26 21:51:33,2024-06-02 17:36:24,6.8228125,795.4159999999999,20.61610800744879,866.1993,21.8626,72.7476943052963,1.6289760356984355,32.26963599863207,6.292023357938375,0,0,0,0,0,0,0,0,0,0,0,1,0,0,0,0,0,0,0,0,1,0,1,0.16900039361895192,0.8309996063810481,0.03355704697986577,0.020134228187919462,0.0,0.0
2024-05-06 10:51:29,2024-06-02 16:34:09,27.237962962962964,809.8223260869565,15.175386956521736,846.7404782608695,12.73046956521739,75.83131409424483,1.297642700772607,72.21079311854683,1.4090724089466913,0,0,0,0,0,0,0,0,0,0,0,1,0,0,0,0,0,0,0,0,0,1,1,0.1084995061432259,0.8915004938567741,0.004347826086956522,0.017391304347826087,0.0,0.0
2024-05-06 15:14:17,2024-06-28 10:06:21,52.78615740740741,163.68072999999998,120.22054999999997,173.62175000000002,122.55099999999997,23.27497607359503,5.357247540285473,18.19994975665419,5.414633554204363,0,0,0,0,0,0,0,0,0,0,0,0,1,0,0,0,0,1,0,0,0,0,0,0.9794434828585551,0.020556517141444876,0.023166023166023165,0.015444015444015444,0.0,0.0
2024-06-28 10:06:21,2024-07-01 12:51:04,3.114386574074074,81.160495,223.32775,82.6611845,229.4382,8.3380769361485,3.390698497748149,21.913786038484755,5.593718842077292,1,0,0,0,0,0,0,0,0,0,0,0,1,0,0,0,0,1,0,0,0,0,0,0.9998497225947813,0.00015027740521872192,0.0,0.0,0.043478260869565216,0.043478260869565216
2024-07-01 12:51:04,2024-07-09 14:33:28,8.071111111111112,244.51896895,104.16615000000002,82.6611845,105.69805000000001,225.44800347259962,37.82369938943878,21.913786038484755,39.52828244164983,1,0,0,0,0,0,0,0,0,0,0,0,1,0,0,0,0,1,0,0,0,0,0,0.9831346072233474,0.016865392776652527,0.03225806451612903,0.0,0.0,0.0
2024-07-09 14:33:28,2024-07-17 20:10:23,8.233969907407408,669.8737282499999,19.2717,747.5252499999999,14.290000000000001,211.6131796418896,7.761502873324958,90.65164453054399,1.7328682945670713,1,0,0,0,0,0,0,0,0,0,0,0,1,0,0,0,0,1,0,0,0,0,0,0.47439326392448244,0.5256067360755176,0.043478260869565216,0.043478260869565216,0.0,0.0
2024-07-17 20:10:23,2024-07-23 13:12:05,5.709513888888889,165.82485000000003,19.2717,747.5252499999999,14.290000000000001,15.0803590047836,7.761502873324958,90.65164453054399,1.7328682945670713,0,0,0,0,0,0,0,0,0,0,0,0,1,0,0,0,0,1,0,0,0,0,1,0.08179293781829766,0.9182070621817023,0.021739130434782608,0.021739130434782608,0.06521739130434782,0.0
2024-05-06 16:19:18,2024-06-07 08:00:18,31.653472222222224,744.9033,16.021549999999998,741.32885,12.016386666666666,45.042561330017875,1.7079084924026384,105.86092909208512,1.093111633876582,0,0,0,0,0,0,0,0,0,0,0,0,1,0,0,0,0,0,0,1,0,0,1,0.009191740647077506,0.9908082593529225,0.012345679012345678,0.0,0.0,0.0
2024-06-07 08:00:18,2024-06-10 11:40:04,3.1526157407407407,744.9033,16.021549999999998,700.9945,12.016386666666666,45.042561330017875,1.7079084924026384,70.222976247844,1.093111633876582,0,0,0,0,0,0,0,0,0,0,0,0,1,0,0,0,0,0,0,1,0,0,1,0.011303099214670764,0.9886969007853292,0.0,0.0,0.0,0.0
2024-06-10 11:40:04,2024-07-04 09:28:06,23.90835648148148,744.9033,16.021549999999998,700.9945,12.016386666666666,45.042561330017875,1.7079084924026384,70.222976247844,1.093111633876582,0,0,0,0,0,0,0,0,0,0,0,0,1,0,0,0,0,0,0,1,0,0,1,0.011303099214670764,0.9886969007853292,0.0,0.0,0.0,0.0
2024-07-04 09:28:06,2024-07-23 02:13:28,18.698171296296298,520.8053944999999,16.021549999999998,700.9945,12.016386666666666,313.08745898309957,1.7079084924026384,70.222976247844,1.093111633876582,0,0,0,0,0,0,0,0,0,0,0,0,1,0,0,0,0,0,0,1,0,0,1,0.2027479645730086,0.7972520354269914,0.0,0.0,0.0,0.0
2024-05-06 14:17:33,2024-05-13 22:14:05,7.330925925925926,681.7112999999999,20.650700000000004,702.0044759036144,17.7846,60.47928257902606,1.991194486786895,116.98107312250629,1.4830252650720772,0,0,0,0,0,0,0,0,0,0,0,0,1,0,0,0,0,0,0,0,1,0,1,0.3615957308955169,0.6384042691044831,0.007751937984496124,0.023255813953488372,0.0,0.0
2024-05-13 22:14:05,2024-06-23 00:42:31,40.1030787037037,729.26475,20.650700000000004,702.0044759036144,17.7846,30.990868359422468,1.991194486786895,116.98107312250629,1.4830252650720772,1,0,0,0,0,0,0,0,0,0,0,0,1,0,0,0,0,0,0,0,1,0,1,0.28734701451462896,0.712652985485371,0.0028328611898017,0.031161473087818695,0.0,0.0
2024-06-23 00:42:31,2024-07-06 22:21:27,13.902037037037037,683.2383000000001,20.650700000000004,702.0044759036144,21.483799999999995,74.611105583764,1.991194486786895,116.98107312250629,7.723587607895835,1,0,0,0,0,0,0,0,0,0,0,0,1,0,0,0,0,0,0,0,1,0,0,0.30006538043513986,0.6999346195648601,0.0035842293906810036,0.03225806451612903,0.0,0.0
2024-07-06 22:21:27,2024-07-22 18:45:21,15.849930555555556,550.2759404999999,22.257699999999996,702.0044759036144,21.483799999999995,273.2234665477241,1.2504718309502216,116.98107312250629,7.723587607895835,1,0,0,0,0,0,0,0,0,0,0,0,1,0,0,0,0,0,0,0,1,0,0,0.8153360818612844,0.18466391813871563,0.0,0.015306122448979591,0.0,0.0
2024-07-22 18:45:21,2024-07-23 14:49:24,0.8361458333333334,768.44685,14.6722,702.0044759036144,21.483799999999995,122.86930406534672,1.233151273428323,116.98107312250629,7.723587607895835,0,0,0,0,0,0,0,0,0,0,0,0,1,0,0,0,0,0,0,0,1,0,1,0.37374056458593374,0.6262594354140663,0.0,0.0,0.0,0.0
2024-05-06 14:30:16,2024-07-17 07:44:30,71.7182175925926,749.8466999999998,14.87995,708.5837765089723,11.6793,67.04626417011181,1.0700740001464724,100.20517445577869,1.2702372385130514,0,0,0,0,0,0,0,0,0,0,0,0,1,0,0,0,0,0,0,0,0,1,1,0.2165310868128727,0.7834689131871273,0.006944444444444444,0.013888888888888888,0.0,0.0
2024-07-17 07:44:30,2024-07-19 12:32:32,2.2000231481481483,232.59883,14.87995,708.5837765089723,13.83965,194.19858273099052,1.0700740001464724,100.20517445577869,1.2856133606795996,1,0,0,0,0,0,0,0,0,0,0,0,1,0,0,0,0,0,0,0,0,1,0,0.5465198484296836,0.45348015157031646,0.0,0.0,0.0,0.0
2024-07-19 12:32:32,2024-07-23 07:20:05,3.7830208333333335,219.04292,12.4162,708.5837765089723,13.83965,138.1601124184378,1.130900088657842,100.20517445577869,1.2856133606795996,0,0,0,0,0,0,0,0,0,0,0,0,1,0,0,0,0,0,0,0,0,1,1,0.36584217807407104,0.634157821925929,0.0,0.043478260869565216,0.0,0.0
2024-05-10 09:27:18,2024-06-28 13:36:26,49.17300925925926,145.41762999999997,126.90794999999999,148.19796499999998,131.7032,36.37759344954123,20.884210085423515,59.13199571256509,21.22410091481157,0,0,0,0,0,0,0,0,0,0,0,0,0,1,0,0,0,1,0,0,0,0,0,0.9901450594862223,0.009854940513777619,0.021834061135371178,0.026200873362445413,0.004366812227074236,0.004366812227074236
2024-06-28 13:36:26,2024-07-01 13:05:29,2.9785069444444443,100.19526,197.18294999999998,112.45243500000001,201.9044,30.738281924994133,45.94120466934942,37.92252623984679,45.03950158343463,1,0,0,0,0,0,0,0,0,0,0,0,0,1,0,0,0,1,0,0,0,0,0,0.9991190074073099,0.0008809925926901509,0.0,0.0,0.0625,0.0625
2024-07-01 13:05:29,2024-07-05 00:32:24,3.477025462962963,162.5025,119.30980000000002,181.324,122.00465000000001,15.08831824362983,3.1379040037646315,7.832846299902403,5.593980686745726,1,0,0,0,0,0,0,0,0,0,0,0,0,1,0,0,0,1,0,0,0,0,0,0.9908049335951098,0.009195066404890243,0.04,0.04,0.0,0.0
2024-07-05 00:32:24,2024-07-05 06:26:12,0.24569444444444444,341.07280000000003,89.7611,375.59819999999996,88.9911,273.62325204050376,48.263033925289896,309.09807776967045,50.33497636508518,1,0,0,0,0,0,0,0,0,0,0,0,0,1,0,0,0,1,0,0,0,0,0,0.9445923156350661,0.05540768436493395,0.0,0.0,0.0,0.0
2024-07-05 06:26:12,2024-07-09 14:29:28,4.335601851851852,217.43645,104.76910000000001,375.59819999999996,105.10619999999999,138.25322479972638,39.4421603255624,309.09807776967045,38.72442608402147,1,0,0,0,0,0,0,0,0,0,0,0,0,1,0,0,0,1,0,0,0,0,0,0.9310240645318436,0.06897593546815635,0.0,0.0,0.05555555555555555,0.05555555555555555
2024-07-09 14:29:28,2024-07-17 20:14:05,8.23931712962963,585.2252827,16.492700000000003,835.7410500000002,15.293199999999999,184.6895151338223,1.713445777250902,111.41933782525552,1.422796823162042,1,0,0,0,0,0,0,0,0,0,0,0,0,1,0,0,0,1,0,0,0,0,0,0.5152169824199605,0.4847830175800395,0.045454545454545456,0.045454545454545456,0.0,0.0
2024-07-17 20:14:05,2024-07-23 14:12:25,5.748842592592593,170.71590000000003,13.156649999999999,835.7410500000002,15.293199999999999,8.938007601485383,1.2412681662422171,111.41933782525552,1.422796823162042,0,0,0,0,0,0,0,0,0,0,0,0,0,1,0,0,0,1,0,0,0,0,1,0.10519643891325559,0.8948035610867444,0.022222222222222223,0.0,0.022222222222222223,0.0
2024-05-10 08:43:52,2024-06-02 05:11:28,22.8525,609.4530878014186,16.48096453900709,819.9792269503546,13.182170212765957,124.21528074530173,8.696246069763458,76.2736680774629,1.1283976246838245,0,0,0,0,0,0,0,0,0,0,0,0,0,1,0,0,0,0,1,0,0,0,1,0.10074284040429393,0.8992571595957061,0.0,0.0,0.0,0.0
2024-06-02 05:11:28,2024-06-05 18:45:03,3.564988425925926,609.4530878014186,16.48096453900709,819.9792269503546,13.182170212765957,124.21528074530173,8.696246069763458,76.2736680774629,1.1283976246838245,0,0,0,0,0,0,0,0,0,0,0,0,0,1,0,0,0,0,1,0,0,0,1,0.10074284040429393,0.8992571595957061,0.0,0.0,0.0,0.0
2024-06-05 18:45:03,2024-07-15 10:39:05,39.662523148148146,609.4530878014186,16.48096453900709,819.9792269503546,13.182170212765957,124.21528074530173,8.696246069763458,76.2736680774629,1.1283976246838245,0,0,0,0,0,0,0,0,0,0,0,0,0,1,0,0,0,0,1,0,0,0,1,0.10074284040429393,0.8992571595957061,0.012987012987012988,0.0,0.0,0.0
2024-05-10 10:22:05,2024-07-23 00:09:18,73.57445601851852,591.0733540579711,16.169108695652174,812.2597942028985,12.88418115942029,175.57995056556433,8.800703366619233,97.57287700459655,1.0998147105756706,0,0,0,0,0,0,0,0,0,0,0,0,0,1,0,0,0,0,0,1,0,0,1,0.11512718504383967,0.8848728149561603,0.007246376811594203,0.021739130434782608,0.0,0.0
2024-05-10 11:01:06,2024-05-19 23:30:32,9.520439814814814,585.7869499999999,19.873300000000004,800.0106499999999,19.620251155624036,83.65584313909673,0.6942190690189042,61.30394953901078,5.09102741834527,0,0,0,0,0,0,0,0,0,0,0,0,0,1,0,0,0,0,0,0,1,0,1,0.5799114023572228,0.4200885976427772,0.0,0.016666666666666666,0.0,0.0
2024-05-19 23:30:32,2024-07-06 22:35:17,47.96163194444444,640.0592999999999,19.873300000000004,762.7118,19.620251155624036,127.34628664976537,0.6942190690189042,118.5154986007715,5.09102741834527,1,0,0,0,0,0,0,0,0,0,0,0,0,1,0,0,0,0,0,0,1,0,0,0.6787374266524309,0.32126257334756914,0.01005586592178771,0.027932960893854747,0.0,0.0
2024-07-06 22:35:17,2024-07-17 08:53:17,10.429166666666667,580.3217000000001,22.42405,815.1769,19.620251155624036,79.62779895905172,5.153521263992325,113.93530352833899,5.09102741834527,1,0,0,0,0,0,0,0,0,0,0,0,0,1,0,0,0,0,0,0,1,0,0,0.5781648763031215,0.42183512369687853,0.007633587786259542,0.015267175572519083,0.0,0.0
2024-07-17 08:53:17,2024-07-22 13:47:30,5.204317129629629,248.612475,13.1704,815.1769,19.620251155624036,174.27202400107853,1.8438366008207763,113.93530352833899,5.09102741834527,1,0,0,0,0,0,0,0,0,0,0,0,0,1,0,0,0,0,0,0,1,0,0,0.7228275159284663,0.2771724840715338,0.02631578947368421,0.013157894736842105,0.039473684210526314,0.0
2024-07-22 13:47:30,2024-07-23 15:08:25,1.0561921296296297,248.612475,13.1704,739.400856,19.620251155624036,174.27202400107853,1.8438366008207763,223.95286672067024,5.09102741834527,0,0,0,0,0,0,0,0,0,0,0,0,0,1,0,0,0,0,0,0,1,0,0,0.6907660255517217,0.30923397444827827,0.0,0.0,0.0,0.0
2024-05-10 08:57:06,2024-07-17 22:06:12,68.54798611111111,596.0544500000001,15.32765,796.063523076923,13.03225811965812,84.414672692841,0.7156557004446671,96.23988788264603,1.6965249070717916,0,0,0,0,0,0,0,0,0,0,0,0,0,1,0,0,0,0,0,0,0,1,1,0.4300009091910757,0.5699990908089243,0.001851851851851852,0.014814814814814815,0.0,0.0
2024-07-17 22:06:12,2024-07-19 00:22:04,1.0943518518518518,173.97278,12.370500000000002,796.063523076923,13.03225811965812,28.954570519306163,0.8893328368708995,96.23988788264603,1.6965249070717916,1,0,0,0,0,0,0,0,0,0,0,0,0,1,0,0,0,0,0,0,0,1,0,0.25911810482718,0.74088189517282,0.0,0.0,0.0,0.0
2024-07-19 00:22:04,2024-07-23 14:37:32,4.594074074074074,177.38540000000003,12.370500000000002,796.063523076923,13.03225811965812,15.506366242356888,0.8893328368708995,96.23988788264603,1.6965249070717916,0,0,0,0,0,0,0,0,0,0,0,0,0,1,0,0,0,0,0,0,0,1,1,0.2302894816804788,0.7697105183195212,0.0,0.02702702702702703,0.0,0.0
2024-05-10 09:30:08,2024-06-28 18:43:19,49.38415509259259,147.54204,132.31980000000004,156.57755000000003,129.98025,40.48388376084333,37.17663781774219,52.69680909987765,19.130293267829373,0,0,0,0,0,0,0,0,0,0,0,0,0,0,1,0,0,1,0,0,0,0,0,0.9794272129994284,0.0205727870005716,0.03524229074889868,0.030837004405286344,0.004405286343612335,0.0
2024-06-28 18:43:19,2024-07-01 03:38:19,2.3715277777777777,118.75686499999999,175.7799,131.91709500000002,179.87865,42.24952583435295,53.26183182700743,46.67125399692795,54.42778272292755,1,0,0,0,0,0,0,0,0,0,0,0,0,0,1,0,0,1,0,0,0,0,0,0.980046534667339,0.019953465332661006,0.0,0.0,0.08333333333333333,0.08333333333333333
2024-07-01 03:38:19,2024-07-09 13:47:04,8.422743055555555,160.55925,119.0305,180.964,122.08885000000001,12.880977320206885,3.154863822234188,5.600349481576081,3.5917715798166987,1,0,0,0,0,0,0,0,0,0,0,0,0,0,1,0,0,1,0,0,0,0,0,0.9583212880682471,0.04167871193175292,0.023255813953488372,0.023255813953488372,0.0,0.0
2024-07-09 13:47:04,2024-07-19 18:22:18,10.19113425925926,629.14805,16.1914,827.9024499999999,14.707699999999997,126.26218688380769,2.2544349134422506,66.77956466927904,1.9481068029729462,0,0,0,0,0,0,0,0,0,0,0,0,0,0,1,0,0,1,0,0,0,0,1,0.10199489871319845,0.8980051012868016,0.058823529411764705,0.058823529411764705,0.0,0.0
2024-05-10 10:02:14,2024-07-15 08:41:03,65.94362268518519,629.06001557971,15.414100000000001,826.6695144927536,13.091253623188404,133.05056445405728,0.6126649208687879,77.86312610120154,1.1023522630484732,0,0,0,0,0,0,0,0,0,0,0,0,0,0,1,0,0,0,1,0,0,0,1,0.016443984873894757,0.9835560151261052,0.021739130434782608,0.0,0.0,0.0
2024-05-10 11:13:10,2024-06-01 08:28:07,21.885381944444443,594.8844082171644,15.6287,828.4295895522388,13.203164179104478,169.70904666457258,0.9425012690205057,66.44826594140542,1.3949137424164992,0,0,0,0,0,0,0,0,0,0,0,0,0,0,1,0,0,0,0,1,0,0,1,0.01747285218892103,0.982527147811079,0.0,0.0,0.0,0.0
2024-06-01 08:28:07,2024-06-04 12:51:06,3.1826273148148148,594.8844082171644,15.6287,828.4295895522388,13.203164179104478,169.70904666457258,0.9425012690205057,66.44826594140542,1.3949137424164992,0,0,0,0,0,0,0,0,0,0,0,0,0,0,1,0,0,0,0,1,0,0,1,0.01747285218892103,0.982527147811079,0.0,0.0,0.0,0.0
2024-06-04 12:51:06,2024-07-02 06:33:13,27.73758101851852,594.8844082171644,15.6287,828.4295895522388,13.203164179104478,169.70904666457258,0.9425012690205057,66.44826594140542,1.3949137424164992,0,0,0,0,0,0,0,0,0,0,0,0,0,0,1,0,0,0,0,1,0,0,1,0.01747285218892103,0.982527147811079,0.03773584905660377,0.018867924528301886,0.0,0.0
2024-07-02 06:33:13,2024-07-06 18:29:32,4.497442129629629,594.8844082171644,15.433550000000002,828.4295895522388,13.203164179104478,169.70904666457258,0.5516618410241053,66.44826594140542,1.3949137424164992,0,0,0,0,0,0,0,0,0,0,0,0,0,0,1,0,0,0,0,1,0,0,1,0.017132351371609067,0.9828676486283909,0.0,0.0,0.0,0.0
2024-07-06 18:29:32,2024-07-19 14:27:29,12.831909722222223,594.8844082171644,15.433550000000002,828.4295895522388,13.203164179104478,169.70904666457258,0.5516618410241053,66.44826594140542,1.3949137424164992,0,0,0,0,0,0,0,0,0,0,0,0,0,0,1,0,0,0,0,1,0,0,1,0.017132351371609067,0.9828676486283909,0.03125,0.03125,0.0,0.0
2024-05-10 09:44:13,2024-07-06 22:02:12,57.51248842592592,633.7861,20.15685,843.87505,19.697431275720167,103.96704918583833,1.141013458797877,48.679248745960045,4.613522539136432,0,0,0,0,0,0,0,0,0,0,0,0,0,0,1,0,0,0,0,0,1,0,1,0.24618203723343568,0.7538179627665643,0.009699321047526674,0.02424830261881668,0.0,0.0
2024-07-06 22:02:12,2024-07-17 08:29:10,10.435393518518518,523.7778599999999,20.15685,847.2150000000001,19.697431275720167,234.13914166464843,1.141013458797877,27.412422239791795,4.613522539136432,1,0,0,0,0,0,0,0,0,0,0,0,0,0,1,0,0,0,0,0,1,0,0,0.6094346069066594,0.3905653930933406,0.0,0.02127659574468085,0.0,0.0
2024-07-17 08:29:10,2024-07-19 20:30:18,2.500787037037037,220.39432000000002,20.756099999999996,847.2150000000001,19.697431275720167,140.64641084275135,0.9946193082888815,27.412422239791795,4.613522539136432,0,0,0,0,0,0,0,0,0,0,0,0,0,0,1,0,0,0,0,0,1,0,1,0.3442317627301944,0.6557682372698056,0.021739130434782608,0.021739130434782608,0.021739130434782608,0.0
2024-05-10 19:44:22,2024-07-17 09:24:23,67.56945601851852,662.823,15.514450000000002,794.0599557661928,13.037826224328594,130.47894162822234,0.8850221213411323,98.39367245988743,1.5683166027909279,0,0,0,0,0,0,0,0,0,0,0,0,0,0,1,0,0,0,0,0,0,1,1,0.19823147041522282,0.8017685295847772,0.009917355371900827,0.01818181818181818,0.0,0.0
2024-07-17 09:24:23,2024-07-19 14:52:22,2.2277662037037036,176.5182695,15.514450000000002,794.0599557661928,13.037826224328594,143.14912462774245,0.8850221213411323,98.39367245988743,1.5683166027909279,0,0,0,0,0,0,0,0,0,0,0,0,0,0,1,0,0,0,0,0,0,1,1,0.21753407463091878,0.7824659253690812,0.0,0.034482758620689655,0.06896551724137931,0.0
2024-05-10 13:33:30,2024-06-03 22:52:23,24.388113425925926,577.5958523809524,21.404140476190474,757.5679157142857,19.361785714285713,113.10370039276623,2.629799282118103,120.43029702889635,4.501777015010204,0,0,0,0,0,0,0,0,0,0,0,0,0,0,0,1,0,0,0,0,1,0,1,0.3246779536445332,0.6753220463554668,0.007142857142857143,0.02142857142857143,0.0,0.0
2024-05-10 13:07:34,2024-06-02 17:36:26,23.186712962962964,618.3681153846154,15.910552884615385,766.6796538461539,12.242048076923076,112.08402316027644,0.8617909994066458,90.9162660949232,0.9713824043368405,0,0,0,0,0,0,0,0,0,0,0,0,0,0,0,1,0,0,0,0,0,1,1,0.21793026919735958,0.7820697308026404,0.0,0.014423076923076924,0.0,0.0
2024-05-10 15:36:11,2024-06-28 18:26:25,49.11821759259259,155.299165,121.28354999999999,147.76614999999998,129.69574999999998,31.741979291539145,6.248346075689063,57.739907065869644,20.895402049947432,0,0,0,0,0,0,0,0,0,0,0,0,0,0,0,0,1,1,0,0,0,0,0,0.9478180002180769,0.052181999781923075,0.023923444976076555,0.019138755980861243,0.0,0.0
2024-06-28 18:26:25,2024-07-01 12:13:05,2.740740740740741,104.967565,191.97330000000002,118.34971499999999,196.11315,34.554830151686005,47.324759440654205,43.89986619306157,50.96647678340301,1,0,0,0,0,0,0,0,0,0,0,0,0,0,0,0,1,1,0,0,0,0,0,0.9954926962184647,0.004507303781535354,0.0,0.0,0.06666666666666667,0.06666666666666667
2024-07-01 12:13:05,2024-07-05 11:54:36,3.987164351851852,161.31982000000002,115.9281,118.34971499999999,115.41785000000002,20.90604128238131,25.00330897027747,43.89986619306157,24.074285084810654,0,0,0,0,0,0,0,0,0,0,0,0,0,0,0,0,1,1,0,0,0,0,0,0.9478694975789114,0.05213050242108858,0.0,0.0,0.0,0.05555555555555555
2024-07-05 11:54:36,2024-07-09 01:11:25,3.5533449074074075,161.31982000000002,115.9281,118.34971499999999,115.41785000000002,20.90604128238131,25.00330897027747,43.89986619306157,24.074285084810654,0,0,0,0,0,0,0,0,0,0,0,0,0,0,0,0,1,1,0,0,0,0,0,0.9478694975789114,0.05213050242108858,0.0,0.0,0.0,0.0
2024-07-09 01:11:25,2024-07-09 21:31:20,0.8471643518518519,161.31982000000002,115.9281,118.34971499999999,115.41785000000002,20.90604128238131,25.00330897027747,43.89986619306157,24.074285084810654,0,0,0,0,0,0,0,0,0,0,0,0,0,0,0,0,1,1,0,0,0,0,0,0.9478694975789114,0.05213050242108858,0.0,0.0,0.0,0.0
2024-07-09 21:31:20,2024-07-23 11:59:08,13.602638888888889,676.04565,14.26985,821.7496500000001,14.316950000000002,152.1017056121798,1.3701212115030286,25.50599444356686,1.1292292888701145,0,0,0,0,0,0,0,0,0,0,0,0,0,0,0,0,1,1,0,0,0,0,1,0.25667842013784914,0.7433215798621509,0.03125,0.03125,0.0,0.0
2024-05-10 16:55:27,2024-07-05 21:52:19,56.20615740740741,734.0476322580645,14.02687741935484,804.9379483870969,12.535780645161289,62.389094728479684,1.1805290654985177,31.99939864203489,0.9620037885753606,0,0,0,0,0,0,0,0,0,0,0,0,0,0,0,0,1,0,1,0,0,0,1,0.017414978291359073,0.9825850217086409,0.00684931506849315,0.00684931506849315,0.0,0.0
2024-07-05 21:52:19,2024-07-08 22:49:28,3.0396875,734.0476322580645,14.02687741935484,804.9379483870969,12.535780645161289,62.389094728479684,1.1805290654985177,31.99939864203489,0.9620037885753606,0,0,0,0,0,0,0,0,0,0,0,0,0,0,0,0,1,0,1,0,0,0,1,0.017414978291359073,0.9825850217086409,0.0,0.0,0.0,0.0
2024-07-08 22:49:28,2024-07-14 23:03:04,6.009444444444444,734.0476322580645,14.02687741935484,804.9379483870969,12.535780645161289,62.389094728479684,1.1805290654985177,31.99939864203489,0.9620037885753606,0,0,0,0,0,0,0,0,0,0,0,0,0,0,0,0,1,0,1,0,0,0,1,0.017414978291359073,0.9825850217086409,0.0,0.0,0.0,0.0
2024-05-10 15:02:23,2024-07-05 17:16:20,56.093020833333334,680.3328318503401,14.401625850340134,793.5005,11.9312,178.51498219432088,8.625848997889754,71.76688887329149,0.7418216270208017,0,0,0,0,0,0,0,0,0,0,0,0,0,0,0,0,1,0,0,1,0,0,1,0.052255016449891056,0.9477449835501089,0.007751937984496124,0.007751937984496124,0.0,0.0
2024-07-05 17:16:20,2024-07-08 23:50:03,3.273414351851852,680.3328318503401,14.401625850340134,793.5005,12.3361,178.51498219432088,8.625848997889754,71.76688887329149,0.8365102887340325,0,0,0,0,0,0,0,0,0,0,0,0,0,0,0,0,1,0,0,1,0,0,1,0.05214321108063391,0.9478567889193661,0.0,0.0,0.0,0.0
2024-07-08 23:50:03,2024-07-11 08:09:16,2.346678240740741,680.3328318503401,14.401625850340134,793.5005,12.3361,178.51498219432088,8.625848997889754,71.76688887329149,0.8365102887340325,0,0,0,0,0,0,0,0,0,0,0,0,0,0,0,0,1,0,0,1,0,0,1,0.05214321108063391,0.9478567889193661,0.0,0.0,0.0,0.0
2024-07-11 08:09:16,2024-07-15 00:59:15,3.701377314814815,680.3328318503401,14.401625850340134,793.5005,12.3361,178.51498219432088,8.625848997889754,71.76688887329149,0.8365102887340325,0,0,0,0,0,0,0,0,0,0,0,0,0,0,0,0,1,0,0,1,0,0,1,0.05214321108063391,0.9478567889193661,0.0,0.0,0.0,0.0
2024-07-15 00:59:15,2024-07-23 09:27:22,8.352858796296296,680.3328318503401,14.401625850340134,793.5005,12.3361,178.51498219432088,8.625848997889754,71.76688887329149,0.8365102887340325,0,0,0,0,0,0,0,0,0,0,0,0,0,0,0,0,1,0,0,1,0,0,1,0.05214321108063391,0.9478567889193661,0.0,0.0,0.0,0.0
2024-05-10 20:47:25,2024-07-19 04:23:30,69.31672453703703,726.2484999999999,19.282099999999996,773.5720500000001,18.06125,74.66960468166273,1.2200757914335096,132.8229426082054,1.7415960579156604,0,0,0,0,0,0,0,0,0,0,0,0,0,0,0,0,1,0,0,0,1,0,1,0.3403818953748794,0.6596181046251206,0.005159071367153913,0.025795356835769563,0.0,0.0
2024-07-19 04:23:30,2024-07-22 11:50:05,3.3101273148148147,182.33445,19.282099999999996,794.0364,18.6095,3.2290734938906818,1.2200757914335096,36.30337172886578,2.9128486599529113,1,0,0,0,0,0,0,0,0,0,0,0,0,0,0,0,1,0,0,0,1,0,0,0.203885134952289,0.796114865047711,0.02,0.0,0.02,0.0
2024-07-22 11:50:05,2024-07-23 14:08:14,1.0959375,565.80664,11.495549999999998,794.0364,18.6095,277.9103142410144,0.6066280812387177,36.30337172886578,2.9128486599529113,0,0,0,0,0,0,0,0,0,0,0,0,0,0,0,0,1,0,0,0,1,0,0,0.82642163530837,0.17357836469163004,0.0,0.045454545454545456,0.0,0.0
2024-05-10 16:11:11,2024-07-17 17:30:05,68.05479166666667,755.73145,13.904349999999999,792.3354632107023,12.665091973244147,54.74006964639438,1.3340214736297402,79.76447819157151,1.161320742042702,0,0,0,0,0,0,0,0,0,0,0,0,0,0,0,0,1,0,0,0,0,1,1,0.1793847101370778,0.8206152898629222,0.0018050541516245488,0.019855595667870037,0.0,0.0
2024-07-17 17:30:05,2024-07-23 14:34:26,5.878020833333333,176.29936999999998,14.53785,792.3354632107023,12.665091973244147,21.4159624530543,1.4841123618619918,79.76447819157151,1.161320742042702,0,0,0,0,0,0,0,0,0,0,0,0,0,0,0,0,1,0,0,0,0,1,1,0.12827001050415265,0.8717299894958473,0.022222222222222223,0.0,0.0,0.0
2024-05-22 21:05:30,2024-06-15 03:06:04,23.250393518518518,632.65285,3.00185,571.57435,3.3747,19.792920928227147,0.751607419573473,105.58627977120742,3.1708375466694,0,0,0,0,1,0,0,0,0,0,0,0,0,0,0,0,0,0,0,0,1,0,1,0.1405542248547451,0.8594457751452549,0.029545454545454545,0.01818181818181818,0.0,0.0
2024-06-15 03:06:04,2024-06-18 00:49:18,2.9050231481481483,638.8938999999998,2.6384,604.27665,2.98775,13.366583139739904,0.4908390667761524,5.149033902996816,1.7884630530445027,1,0,0,0,1,0,0,0,0,0,0,0,0,0,0,0,0,0,0,0,1,0,0,0.1718848401434394,0.8281151598565606,0.03225806451612903,0.03225806451612903,0.0,0.0
2024-06-18 00:49:18,2024-06-26 07:47:30,8.290416666666667,620.4939,2.6384,595.22685,2.98775,88.05106812580264,0.4908390667761524,43.47590888644688,1.7884630530445027,1,0,0,0,1,0,0,0,0,0,0,0,0,0,0,0,0,0,0,0,1,0,0,0.30966888603426657,0.6903311139657334,0.018518518518518517,0.024691358024691357,0.0,0.0
2024-06-26 07:47:30,2024-07-23 14:36:11,27.28380787037037,849.7257999999999,17.371599999999994,470.25421499999993,30.41305,59.14677608832205,0.4243136129153331,95.7948722416716,4.958933782631737,0,0,0,0,1,0,0,0,0,0,0,0,0,0,0,0,0,0,0,0,1,0,1,0.4102786184778138,0.5897213815221862,0.008298755186721992,0.014522821576763486,0.0,0.0
2024-05-02 13:30:02,2024-06-28 17:37:06,57.17157407407407,203.21574999999999,114.5568,170.50786,127.26935000000003,143.36874410373267,21.967511469632175,37.258724400113046,27.54689631629172,0,0,0,0,0,0,0,0,1,0,0,0,0,0,0,0,0,1,0,0,0,0,0,0.9752567381822606,0.024743261817739393,0.021660649819494584,0.032490974729241874,0.0036101083032490976,0.0
2024-06-28 17:37:06,2024-07-01 13:59:07,2.8486226851851852,85.42700500000001,222.9927,90.36783,228.65,4.157367594052631,3.308419834301567,1.3740708363338339,3.4730436825719058,1,0,0,0,0,0,0,0,1,0,0,0,0,0,0,0,0,1,0,0,0,0,0,0.9998369904936074,0.0001630095063925467,0.0,0.0,0.045454545454545456,0.045454545454545456
2024-07-01 13:59:07,2024-07-09 14:01:18,8.001516203703703,166.06940000000003,119.45540000000001,179.81074999999998,123.37030000000001,8.25978637674569,3.1322820905430673,8.456135000385038,5.75184483082556,1,0,0,0,0,0,0,0,1,0,0,0,0,0,0,0,0,1,0,0,0,0,0,0.9666534293662272,0.03334657063377275,0.024390243902439025,0.024390243902439025,0.0,0.0
2024-07-09 14:01:18,2024-07-17 21:45:05,8.32207175925926,744.2578,20.4899,858.077,15.365299999999996,176.80091707448508,4.416879690460223,16.897906435258086,0.8690092422741511,1,0,0,0,0,0,0,0,1,0,0,0,0,0,0,0,0,1,0,0,0,0,0,0.32016435099696294,0.6798356490030371,0.037037037037037035,0.037037037037037035,0.0,0.0
2024-07-17 21:45:05,2024-07-23 13:35:16,5.659849537037037,173.86365,20.4899,858.077,15.365299999999996,10.998282302609566,4.416879690460223,16.897906435258086,0.8690092422741511,0,0,0,0,0,0,0,0,1,0,0,0,0,0,0,0,0,1,0,0,0,0,1,0.062059269049586696,0.9379407309504133,0.041666666666666664,0.041666666666666664,0.041666666666666664,0.0
2024-05-06 14:45:27,2024-07-08 02:40:23,62.49648148148148,725.4492104838711,15.544599999999999,719.4296354838709,13.958693548387096,75.19797065789732,0.9093887131358885,101.85220719229798,19.46205655380998,0,0,0,0,0,0,0,0,0,0,0,0,1,0,0,0,0,0,1,0,0,0,1,0.004790708663872989,0.995209291336127,0.008264462809917356,0.008264462809917356,0.0,0.0
2024-07-08 02:40:23,2024-07-12 03:35:17,4.038125,725.4492104838711,26.664950000000005,719.4296354838709,13.958693548387096,75.19797065789732,46.39180273039965,101.85220719229798,19.46205655380998,0,0,0,0,0,0,0,0,0,0,0,0,1,0,0,0,0,0,1,0,0,0,1,0.031901016406612914,0.9680989835933871,0.0,0.0,0.0,0.0
2024-07-12 03:35:17,2024-07-14 03:24:08,1.9922569444444445,725.4492104838711,26.664950000000005,719.4296354838709,13.958693548387096,75.19797065789732,46.39180273039965,101.85220719229798,19.46205655380998,0,0,0,0,0,0,0,0,0,0,0,0,1,0,0,0,0,0,1,0,0,0,1,0.031901016406612914,0.9680989835933871,0.0,0.0,0.0,0.0
